Country,Year,Age_Childbirth,Births_outmarr,Gendergap_full,Young_unemployed,Youngadult_unemployed,Infant_mortality_rate,Father_paid_paternity_wks,Fertility_rate_young,Marriage_rate,Mother_paid_paternity_wks,Neonatal_mortality_rate,Gender_gap,Divorce_rate,Fertility_rate,Population
SWE,1990,28.6,47,NA,NA,NA,6,1.4,14.02,4.7,63,3.5,4.2,2.3,2.14,8.558834
SWE,1991,28.7,48.2,NA,NA,NA,6.2,1.4,13.09,4.3,63,3.6,3.4,2.3,2.12,8.617376
SWE,1992,28.8,49.5,NA,NA,NA,5.3,1.4,11.84,4.3,63,3.3,2,2.5,2.09,8.668065
SWE,1993,29,50.4,NA,NA,NA,4.8,1.4,11.02,3.9,63,3.1,1,2.5,2,8.718558
SWE,1994,29.1,51.6,NA,NA,NA,4.4,1.4,9.56,3.9,63,3,1.5,2.5,1.89,8.780741
SWE,1995,29.2,53,NA,NA,NA,4.1,5.8,8.57,NA,58.7,2.9,2.6,2.6,1.74,8.826944
SWE,1996,29.4,53.9,NA,NA,NA,4,5.8,7.71,3.8,58.7,2.5,3.3,2.4,1.61,8.840999
SWE,1997,29.5,54.1,NA,4.6,16.3,3.6,5.8,7.2,3.7,58.7,2.4,3.5,2.4,1.53,8.846059
SWE,1998,29.7,54.7,NA,4.7,13.1,3.5,5.8,6.53,3.6,58.7,2.3,4.2,2.3,1.51,8.850975
SWE,1999,29.8,55.3,NA,3.7,11,3.4,5.8,6.76,4,58.7,2.2,3.9,2.4,1.5,8.857879
SWE,2000,29.9,55.3,NA,3.6,10.7,3.4,5.8,7.03,4.5,58.7,2.3,4.1,2.4,1.55,8.872112
SWE,2001,30,55.5,NA,4.3,10.6,3.7,5.8,6.6,4,58.7,2.5,3.7,2.4,1.57,8.895963
SWE,2002,30.1,56,11.66,4.6,11.2,3.3,10,6.62,4.3,60,2.2,3.5,2.4,1.65,8.92496
SWE,2003,30.3,56,11.2,4.2,11.8,3.1,10,5.99,4.4,60,2.2,3.2,2.4,1.72,8.958232
SWE,2004,30.4,55.4,11.1,4.8,13.6,3.1,10,5.81,4.8,60,2.2,3.7,2.2,1.75,8.993534
SWE,2005,30.5,55.4,13.1,4.7,13.4,2.4,10,5.89,4.9,60,1.5,4.4,2.2,1.77,9.029567
SWE,2006,30.6,55.5,13.9,5.3,15.2,2.8,10,5.93,5,60,1.8,5,2.2,1.85,9.080506
SWE,2007,30.6,54.8,12.7,7,13.1,2.5,10,5.9,NA,60,1.7,4.7,2.3,1.88,9.148093
SWE,2008,30.6,54.7,13.1,4.4,12.9,2.5,10,5.92,5.5,60,1.7,4.8,2.3,1.91,9.219639
SWE,2009,30.7,54.4,10.5,5.5,16.5,2.5,10,5.88,5.1,60,1.6,4,2.4,1.94,9.298512
SWE,2010,30.7,54.2,12.1,5.3,14.2,2.5,10,5.9,5.3,60,1.6,4.8,2.5,1.98,9.378131
SWE,2011,30.8,54.3,13.5,4.1,12.9,2.1,10,5.87,5,60,1.4,4.5,2.5,1.9,9.449216
SWE,2012,30.9,54.5,11.7,4.1,13.5,2.6,10,5.33,5.3,60,1.7,3.8,2.5,1.91,9.519379
SWE,2013,30.9,54.4,11.5,4.1,12.9,2.7,10,5.31,5.4,60,1.7,3.8,2.8,1.89,9.600374
SWE,2014,31,54.6,10.9,4.3,12,2.2,10,5.01,5.5,60,1.4,3.4,2.7,1.88,9.696105
SWE,2015,31,54.7,10.6,NA,11.8,2.5,10,4.45,5.3,60,1.7,3,2.5,1.85,9.799183
SWE,2016,31.1,54.9,10.4,NA,10.8,2.5,14.3,4.44,5.4,55.7,1.5,2.7,2.4,1.85,9.923086
SWE,2017,31.1,54.5,9.8,3.6,10.5,2.4,14.3,4.33,5.2,55.7,1.6,2.9,2.4,1.78,10.057695
SWE,2018,31.1,54.5,9.7,6.8,10,2,14.3,4.21,5,55.7,1.3,2.9,2.5,1.75,10.175215
SWE,2019,31.3,54.5,8.9,3.3,9,NA,14.3,3.38,4.7,55.7,NA,3.4,2.5,1.7,10.278888
SWE,2020,31.3,55.2,7.2,2.9,10.6,NA,14.3,2.84,3.6,55.7,NA,3.8,2.5,1.66,10.353444
ITA,1991,29.1,6.7,NA,NA,NA,8,0,8.21,5.5,47.7,6.3,32.4,0.5,1.33,56.758522
ITA,1993,29.4,7.4,NA,NA,NA,7,0,7.81,5.3,47.7,5.3,33.5,0.4,1.26,56.831823
ITA,1995,29.8,8.1,36.44,NA,NA,6.1,0,6.97,5.1,47.7,4.6,31.6,0.5,1.19,56.844301
ITA,1998,30.3,9.3,37,15.2,30.1,5.1,0,5.96,4.9,47.7,3.9,29.8,0.6,1.21,56.906744
ITA,2000,30.4,9.2,36.7,13.1,27.5,4.3,0,7.15,5,47.7,3.2,28.6,0.7,1.26,56.942108
ITA,2002,30.6,11,35.1,10.5,24.3,4.1,0,7,4.7,47.7,3.2,27.2,0.7,1.27,57.089823
ITA,2004,30.8,13.7,35.2,11,23.6,3.4,0,7.19,4.3,47.7,2.8,24.3,0.8,1.34,57.828178
ITA,2006,31,16.4,34.6,11.8,22.8,3.2,0,6.83,4.2,47.7,2.6,24.1,0.9,1.37,58.399863
ITA,2008,31.1,19.1,33.1,9.6,22,3.1,0,7.18,4.2,47.7,2.3,22.9,0.9,1.44,59.211183
ITA,2010,31.3,21.8,30.2,12.5,27.1,3,0,6.67,3.7,47.7,2.2,21.4,0.9,1.44,59.819402
ITA,2012,31.4,25,28.1,12,31.5,2.9,0,6.38,3.5,47.7,2,19.2,0.9,1.42,60.191243
ITA,2014,31.5,28.8,26.8,11.2,35,2.8,0.2,5.64,3.1,47.7,2,17.9,0.9,1.38,60.320708
ITA,2016,31.8,31.5,27.9,9.4,32.2,2.8,0.4,4.84,3.4,47.7,2,18.4,1.6,1.36,60.11522
ITA,2018,32,34,28,11,28.4,2.8,0.8,4.11,3.2,47.7,NA,18.1,1.5,1.31,59.877216
ITA,2019,32.1,35.4,27.5,10.9,28.5,NA,1,3.68,3.1,47.7,NA,17.9,1.4,1.27,59.729077
LUX,1999,29.3,18.6,38.4,5,9.6,4.7,26.4,10.71,4.9,42,3.2,25.9,2.4,1.71,0.430475
LUX,2000,29.3,21.9,36.2,1.7,8.2,5.1,26.4,12.16,4.9,42,3.8,25,2.4,1.78,0.436303
LUX,2001,29.3,22.3,34.7,NA,NA,5.9,26.4,12.38,4.5,42,3.3,24.1,2.3,1.66,0.441522
LUX,2002,29.5,23.2,34.4,NA,NA,5.1,26.4,12.43,4.5,42,3.6,24,2.4,1.63,0.446166
LUX,2003,29.6,25,31.8,NA,NA,4.9,26.4,11.06,4.4,42,2.6,22.4,2.3,1.62,0.451626
LUX,2004,29.7,26.1,31.2,NA,NA,3.9,26.4,10.95,4.4,42,2.2,20.9,2.3,1.66,0.458098
LUX,2005,29.8,27.2,31.2,2.2,9.3,2.6,26.4,12,4.4,42,1.5,19.6,2.2,1.62,0.465152
LUX,2006,30,28.8,28.3,NA,NA,2.5,26.4,10.38,4.1,42,1.5,18,2.5,1.64,0.472641
LUX,2007,30.2,29.2,25.8,NA,NA,1.8,26.4,10.23,4.1,42,1.3,16.2,2.3,1.61,0.479992
LUX,2008,30.5,30.2,24.4,NA,NA,1.8,26.4,8.68,3.9,42,0.9,16.4,2,1.6,0.488647
LUX,2009,30.7,32.1,28.9,NA,NA,2.5,26.4,7.05,3.5,42,1.4,16.2,2.1,1.59,0.497783
LUX,2010,30.8,34,27.5,6.3,7.5,3.4,26.4,7.5,3.5,42,2.2,15.9,2.1,1.63,0.506953
LUX,2011,30.8,34.1,25.5,NA,NA,4.3,26.4,7.22,3.3,42,2.8,15.2,2.3,1.51,0.518351
LUX,2012,31,37.1,26,2.9,10.3,2.5,26.4,6.51,3.4,42,1.7,13.5,2,1.57,0.530952
LUX,2013,31.3,37.8,23,3.5,8.2,3.9,26.4,5.22,3.2,42,3.1,13,2.1,1.55,0.543358
LUX,2014,31.4,39.1,23.8,2.4,9,2.8,26.4,5.68,3,42,1.8,12.1,2.6,1.5,0.556322
LUX,2015,31.5,38.8,20.8,NA,9.3,2.8,26.4,5.63,3.6,42,2,10.5,2.4,1.47,0.569605
LUX,2016,31.7,40.7,19.7,NA,NA,3.8,26.4,4.91,3.2,42,3,10.1,2.1,1.41,0.583459
LUX,2017,31.9,40.8,19,2.9,10.2,3.2,26.4,4.21,3.2,42,2.1,7.4,2,1.39,0.596337
LUX,2018,32.1,39.5,17.6,1.5,10.1,4.3,28,4.6,3.1,46,3,7.2,2,1.38,0.60795
FIN,1990,28.9,25.2,NA,NA,NA,5.6,0,12.36,5,159,3.7,6.4,2.6,1.79,4.986433
FIN,1991,28.9,27.4,NA,NA,NA,5.8,1,12.2,4.9,161,4.2,4.6,2.6,1.8,5.013737
FIN,1992,28.9,28.9,NA,NA,NA,5.2,1,11.74,4.7,161,3.7,3.5,2.6,1.85,5.04199
FIN,1993,29,30.3,NA,NA,NA,4.4,3,10.52,4.9,161,3,3.4,2.5,1.81,5.066452
FIN,1994,29.1,31.3,NA,NA,NA,4.7,3,10.05,4.9,161,3.5,3.9,2.7,1.85,5.088324
FIN,1995,29.3,33.1,NA,NA,NA,3.9,3,9.76,4.6,161,2.6,5.8,2.7,1.81,5.107787
FIN,1996,29.3,35.4,NA,NA,NA,4,3,13.55,NA,161,2.9,6.5,2.7,1.76,5.124573
FIN,1997,29.4,36.5,NA,NA,NA,3.9,3,9.03,4.6,161,2.8,6.2,2.6,1.75,5.139839
FIN,1998,29.5,37.2,NA,NA,NA,4.2,3,9.22,4.7,161,3,6.9,2.7,1.71,5.153499
FIN,1999,29.6,38.7,NA,NA,NA,3.6,3,9.62,4.7,161,2.6,6,2.7,1.73,5.16547
FIN,2000,29.6,39.2,NA,NA,NA,3.8,3,9.96,5.1,161,2.5,6,2.7,1.73,5.176203
FIN,2001,29.6,39.5,11.72,NA,NA,3.2,3,10.61,4.8,161,2.2,5.8,2.6,1.73,5.188005
FIN,2002,29.7,39.9,12.2,NA,NA,3,3,11.17,5.2,161,2.2,4.3,2.6,1.72,5.200598
FIN,2003,29.8,40,10.7,6.2,14.4,3.1,7,10.34,5,159,2.1,4.4,2.6,1.76,5.21301
FIN,2004,29.9,40.8,11,5.9,15.4,3.3,7,10.61,5.6,159,2.4,4.5,2.5,1.8,5.228173
FIN,2005,29.9,40.4,12.8,5.2,13,3,7,10.28,5.6,159,2.1,4,2.6,1.8,5.2461
FIN,2006,30,40.5,12.3,3.6,13.3,2.8,7,9.44,5.4,159,2,4.5,2.5,1.84,5.266266
FIN,2007,30,40.6,11.5,3.5,13.3,2.7,7,9.1,5.6,159,1.9,3.9,2.5,1.83,5.288719
FIN,2008,30.1,40.7,12.5,5.1,12,2.6,7,8.63,5.8,159,1.9,4.4,2.5,1.85,5.313398
FIN,2009,30.1,40.9,7.8,5.1,15.1,2.6,7,8.48,5.6,159,2,2,2.5,1.86,5.338867
FIN,2010,30.2,41.1,8.9,5.1,15.8,2.3,7,8.42,5.6,159,1.5,2.8,2.5,1.87,5.363341
FIN,2011,30.3,40.9,10.9,5.1,14.3,2.4,9,7.7,5.3,159,1.6,3.4,2.5,1.83,5.388272
FIN,2012,30.4,41.5,10.3,4.7,15.2,2.4,9,7.51,5.3,159,1.4,2.7,2.4,1.8,5.413967
FIN,2013,30.5,42.1,9,4.8,15.5,1.8,9,7.31,4.6,161,1.1,2.4,2.5,1.75,5.438975
FIN,2014,30.5,42.8,9,5.5,15.6,2.2,9,7.24,4.5,161,1.5,1.9,2.5,1.71,5.461507
FIN,2015,30.6,44.3,8.5,5.2,18.3,1.7,9,6.15,4.5,161,1.3,2,2.5,1.65,5.479528
FIN,2016,30.8,44.9,9.5,4.2,17.4,1.9,9,5.5,4.5,161,1.3,3.2,2.5,1.57,5.495297
FIN,2017,30.9,44.8,10.7,4.5,17,2,9,4.87,4.8,161,1.5,3.1,2.4,1.49,5.508209
FIN,2018,31,44.6,11.5,4.6,14.2,2.1,9,4.32,4.3,161,1.6,3.1,2.4,1.41,5.515525
FIN,2019,31.1,45.4,10.2,4.5,12.9,NA,9,4.1,4,161,NA,2.5,2.4,1.35,5.521605
FIN,2020,31.2,46.1,8.6,3.8,15.2,NA,9,3.86,4,161,NA,3,2.4,1.37,5.529545
LVA,1990,NA,16.9,NA,NA,NA,13.7,NA,NA,8.9,NA,8.5,NA,4,2.01,2.663146
LVA,1991,NA,18.4,NA,NA,NA,15.7,NA,NA,8.4,NA,10.7,NA,4.2,1.86,2.650581
LVA,1992,NA,19.6,NA,NA,NA,17.6,NA,NA,7.2,NA,11.4,NA,5.6,1.73,2.614338
LVA,1993,NA,23,NA,NA,NA,16.2,NA,NA,5.7,NA,10.8,NA,4,1.51,2.563289
LVA,1994,NA,26.4,NA,NA,NA,15.7,NA,NA,4.6,NA,10.9,NA,3.3,1.39,2.520742
LVA,1995,NA,29.9,NA,NA,NA,18.8,NA,NA,4.5,NA,12.7,NA,3.1,1.26,2.485054
LVA,1996,NA,33.1,NA,NA,NA,15.9,NA,NA,3.9,NA,11,NA,2.5,1.16,2.457226
LVA,1997,NA,34.8,NA,NA,NA,15.3,NA,NA,4,NA,9,NA,2.5,1.11,2.432851
LVA,1998,NA,37.1,NA,NA,NA,15,NA,NA,4,NA,8.6,NA,2.6,1.1,2.410027
LVA,1999,NA,39.1,NA,NA,NA,11.3,NA,NA,3.9,NA,7.6,NA,2.5,1.18,2.390477
LVA,2000,26.7,40.4,10.87,NA,NA,10.3,NA,24.12,3.9,NA,6.5,7.3,2.6,1.25,2.367549
LVA,2001,26.9,42.1,13,NA,NA,11,NA,22.43,4,NA,7.2,6.8,2.5,1.22,2.337172
LVA,2002,27.1,43.1,13.6,6.2,20.3,9.8,NA,21.3,4.2,NA,5.7,7.9,2.6,1.26,2.310176
LVA,2003,27.2,44.3,14.3,6.5,22.3,9.4,NA,22.4,4.4,NA,5.7,8.3,2.1,1.32,2.287955
LVA,2004,27.4,45.3,12.5,8,22,9.3,NA,21.35,4.6,NA,5.6,8.1,2.3,1.29,2.263123
LVA,2005,27.7,44.7,15,7,19.4,7.7,NA,21.63,5.6,NA,5.5,8.2,2.8,1.39,2.238799
LVA,2006,27.8,43.8,18,5.4,17.5,7.4,NA,23.68,6.6,NA,4.5,8.6,3.3,1.46,2.218351
LVA,2007,27.9,43.2,14.6,6.4,16.5,8.5,NA,25.04,7,NA,5.6,8.8,3.4,1.54,2.200325
LVA,2008,28.1,43.2,10.3,6,14,6.6,NA,25.53,5.9,NA,4.5,6.3,2.9,1.58,2.177324
LVA,2009,28.4,43.5,-2.9,6.8,27.3,7.6,NA,21.99,4.6,NA,4.9,-0.1,2.4,1.46,2.141668
LVA,2010,28.6,44.4,-1.1,6.4,30.4,5.6,NA,18.13,4.4,NA,3.4,-1.1,2.4,1.36,2.097553
LVA,2011,28.7,44.6,4.6,7.3,21.6,6.6,NA,19.69,5.2,NA,4.2,1.3,4,1.33,2.05971
LVA,2012,28.8,45,6.3,7.2,20.3,6.3,NA,20.31,5.5,NA,4.2,2.7,3.6,1.44,2.034324
LVA,2013,29,44.6,7.7,3.2,17.5,4.4,NA,19.91,5.7,NA,2.5,3.4,3.5,1.52,2.012647
LVA,2014,29.2,44,7.7,3.8,16.6,3.8,1.4,19.83,6.3,94,2.8,4.1,3.1,1.65,1.993785
LVA,2015,29.4,41.5,8.3,3.1,13.3,4.1,1.4,17.99,6.9,94,2.5,3.5,2.6,1.7,1.977523
LVA,2016,29.6,40.9,5.9,3.5,18.4,3.7,1.4,15.4,6.6,94,2.5,2.4,3.1,1.74,1.959535
LVA,2017,29.7,40.4,7.1,2.3,20.3,4.1,1.4,14.71,6.8,94,3.2,3.5,3.1,1.69,1.942247
LVA,2018,29.9,39.5,8,2.9,14,3.2,1.4,12.11,6.8,94,1.8,3.5,3.1,1.6,1.92717
LVA,2019,30,38.4,6.2,2.7,13.9,NA,1.4,12.55,6.7,94,NA,3.2,3.1,1.61,1.913826
LVA,2020,30,39.5,4.9,2.6,16.8,NA,1.4,10.54,5.6,94,NA,2.9,2.7,1.74,1.900448
GRC,2003,29.6,4.8,38.7,9.5,21.7,4,0.4,10.8,5.5,17,2.7,28.5,1.1,1.29,10.928072
GRC,2004,29.8,5.1,37.1,10.6,23.1,4.1,0.4,10.61,4.6,17,2.6,27.8,1.1,1.31,10.955142
GRC,2005,29.9,5.1,37.2,11.5,21.3,3.8,0.4,9.83,5.5,17,2.6,27.4,1.2,1.34,10.987316
GRC,2006,30,5.3,36.9,7.7,18,3.7,0.4,10.56,5.2,17,2.5,26.6,1.2,1.4,11.020366
GRC,2007,30.1,5.8,35.8,8.4,17.4,3.5,0.4,10.33,5.5,17,2.3,26.5,1.2,1.41,11.048466
GRC,2008,30.2,5.9,35.8,8.2,16.7,2.7,0.4,11.3,4.8,43,1.8,25.8,1.2,1.5,11.077839
GRC,2009,30.4,6.6,33.5,7.9,17.8,3.1,0.4,11.1,5.3,43,2,24.1,1.2,1.5,11.107017
GRC,2010,30.4,7.3,29.9,7.5,21.1,3.8,0.4,10.85,5.1,43,2.5,22.3,1.2,1.48,11.121344
GRC,2011,30.5,7.4,24.6,8.3,24.1,3.4,0.4,9.57,5,43,2.2,20.4,1.1,1.4,11.1049
GRC,2012,30.7,7.6,21.8,10.7,30.4,2.9,0.4,8.53,4.5,43,1.9,18.4,1.3,1.34,11.04501
GRC,2013,30.9,7,23.1,9.3,33.1,3.7,0.4,8.11,4.7,43,2.6,18,1.5,1.29,10.965209
GRC,2014,31.1,8.2,24.9,10.5,31.3,3.7,0.4,8.09,4.9,43,2.6,16.9,1.3,1.3,10.892415
GRC,2015,31.3,8.8,25.6,8.4,28.1,4,0.4,8.35,5,43,2.8,16.8,1.4,1.33,10.820883
GRC,2016,31.3,9.4,26.1,8.1,25,4.2,0.4,9.21,4.6,43,2.8,17.7,1,1.38,10.775966
GRC,2017,31.4,10.3,26.8,8.5,24,3.5,0.4,8.69,4.7,43,2.3,18.3,1.8,1.35,10.754679
GRC,2018,31.5,11.1,28.3,8.1,22.9,3.5,0.4,8.48,4.4,43,2.4,19.4,NA,1.35,10.732877
ISL,2003,29.3,63.6,32.2,4,6.9,2.4,13,16.13,5.1,26,1.9,6,1.8,1.99,0.289522
ISL,2004,29.5,63.7,28.2,4,7.7,2.8,13,12.48,5,26,1.4,6.8,1.9,2.03,0.292077
ISL,2005,29.4,65.7,33.2,2.9,6.9,2.3,13,14.19,5.4,26,1.6,6.7,1.9,2.05,0.296734
ISL,2006,29.5,65.6,34,4.5,5.7,1.4,13,13.64,5.5,26,0.9,7.7,1.6,2.07,0.303784
ISL,2007,29.6,63.8,33.4,3.8,5.5,2,13,14.11,5.5,26,1.3,8.6,1.7,2.09,0.311567
ISL,2008,29.8,64.1,28.5,4.8,5.8,2.5,13,14.48,5.2,26,1.7,7.9,1.7,2.14,0.317404
ISL,2009,29.9,64.4,15.9,7.1,12.6,1.8,13,14.6,4.6,26,1,3.3,1.7,2.22,0.318501
ISL,2010,30,64.3,19.9,5.9,12.9,2.2,13,13,4.9,26,1.2,3.6,1.8,2.2,0.318044
ISL,2011,30.1,65,22.2,7,11.3,0.9,13,10.96,4.6,26,0.7,3.8,1.6,2.02,0.319011
ISL,2012,30.1,66.9,21.7,6.8,10.3,1.1,13,11.42,4.6,26,0.7,4,NA,2.04,0.320723
ISL,2013,30.4,NA,23.2,5.2,9,1.8,13,7.35,4.4,26,1.4,4.3,NA,1.93,0.323763
ISL,2014,30.2,NA,22.8,5.4,9.3,2.1,13,7.64,4.1,26,1.6,5.2,NA,1.93,0.327379
ISL,2015,30.3,NA,25.4,3.7,7.4,2.2,13,8.03,4.6,26,1.5,5.8,NA,1.81,0.330818
ISL,2016,30.6,69.6,25.3,3.5,6.8,0.7,13,6.65,4.9,26,0.5,6.3,NA,1.75,0.335435
ISL,2017,30.6,71.2,21.4,3.7,6.6,2.7,13,6.01,5.8,26,2.2,5.5,NA,1.71,0.343399
ISL,2018,30.6,70.5,21.3,4.2,7.6,1.7,13,5.33,6,26,1.2,6.1,NA,1.71,0.352722
ISL,2019,30.9,69.4,18.7,4.3,6.6,NA,13,4.39,5.8,26,NA,4.7,NA,1.75,0.360558
ISL,2020,30.7,NA,14.5,5.4,10.3,NA,17.3,4.75,5,26,NA,4.7,1.9,1.72,0.366462
IRL,1999,30.3,31.1,37.8,5.2,10.8,5.9,0,20.31,4.9,14,4,22.2,0.6,1.91,3.741647
IRL,2000,30.4,31.5,38.4,4.4,9.7,6.2,0,19.58,5,14,4.3,22.4,0.7,1.9,3.789536
IRL,2001,30.5,31.3,35.9,4.1,9.3,5.7,0,19.9,5,18,4,21.6,0.7,1.96,3.847198
IRL,2002,30.6,31.2,33.6,4.9,10.9,5,0,19.49,5.2,18,3.6,20,0.7,1.98,3.917203
IRL,2003,30.8,31.2,32.6,5.3,11.5,5.3,0,19.11,5.1,18,3.8,19.5,0.7,1.98,3.979853
IRL,2004,30.9,31.9,33.3,4.9,11.6,4.6,0,17.28,5.2,18,3.4,19.4,0.8,1.95,4.045188
IRL,2005,31.2,31.8,33.6,4.5,12.3,3.8,0,16.76,5.1,18,2.7,18.5,0.8,1.88,4.133839
IRL,2006,31.2,32.7,32.5,5,11.8,3.9,0,16.22,5.2,22,2.7,18.5,0.9,1.94,4.232929
IRL,2007,31.3,33.1,34.2,5.1,12.1,3.2,0,17.27,5.2,26,2.2,17.5,0.8,2.01,4.375842
IRL,2008,31.3,33.4,27.7,8.5,14.6,3.4,0,16.53,4.9,26,NA,14.8,0.8,2.06,4.48507
IRL,2009,31.4,33.4,18.3,11,20.8,3.3,0,15.69,4.8,26,2.2,9.1,0.7,2.06,4.533395
IRL,2010,31.4,33.8,17.9,10.1,26.1,3.6,0,14.6,4.5,26,2.6,7.7,0.7,2.05,4.554763
IRL,2011,31.5,33.9,18.4,9.4,26.1,3.5,0,12.3,4.3,26,2.5,7.5,0.6,2.03,4.574888
IRL,2012,31.5,35.1,19.1,9.6,25.7,3.5,0,11.72,4.5,26,2.6,7.5,0.6,1.98,4.593697
IRL,2013,31.7,35.3,21.5,10.6,22,3.6,0,9.84,4.5,26,2.6,9.3,0.6,1.93,4.614669
IRL,2014,31.8,36.3,22.4,9.1,21.2,3.3,0,8.6,4.7,26,2.3,10.3,0.6,1.89,4.64544
IRL,2015,31.9,36.6,24,8,19.8,3.4,0,8.25,4.7,26,2.7,11,0.7,1.85,4.687787
IRL,2016,32.1,36.7,24.1,9.8,15.9,3,0,7.42,4.8,26,2.3,10.8,0.7,1.82,4.739597
IRL,2017,32.1,37.6,24.5,8.4,14.4,3,2,6.81,4.6,26,2.3,10.6,0.7,1.78,4.79249
IRL,2018,32.2,37.9,24.9,6,13.6,2.9,2,6.16,4.3,26,NA,10.8,NA,1.75,4.857015
IRL,2019,32.4,38.4,26,6.4,13,NA,2,5.42,4.1,26,NA,10.5,NA,1.7,4.921496
IRL,2020,32.6,NA,22.5,6.2,12.7,NA,4,4.91,1.9,28,NA,10.6,NA,1.63,4.977443
PRT,1990,27.3,14.7,31.45,NA,NA,10.9,0,23.66,7.2,12.9,7,24.1,0.9,1.56,9.983218
PRT,1991,27.5,15.6,29.33,NA,NA,10.8,0,23.15,7.2,12.9,6.9,22,1.1,1.56,9.960235
PRT,1992,27.6,16.1,28.32,NA,NA,9.2,0,22.43,7,12.9,5.9,20.5,1.2,1.53,9.9524935
PRT,1993,27.7,16.9,26.48,NA,NA,8.6,0,22.47,6.8,12.9,5.5,18.8,1.2,1.51,9.9646745
PRT,1994,27.8,17.8,25.6,NA,NA,7.9,0,21.18,6.6,12.9,4.7,17.6,1.4,1.44,9.991525
PRT,1995,28,18.6,25.8,NA,NA,7.4,0,20.42,6.6,14,4.7,16.4,1.2,1.41,10.026176
PRT,1996,28.1,18.6,25.3,NA,NA,6.8,0,20.6,6.3,14,4.1,16.1,1.3,1.44,10.0639445
PRT,1997,28.2,19.5,24.6,9.8,14.2,6.4,0,20.72,6.5,14,4.1,15.7,1.4,1.47,10.108977
PRT,1998,28.4,20.1,27.2,8.3,12,6,0,20.45,6.6,14,3.7,17.4,1.5,1.48,10.160196
PRT,1999,28.5,20.8,24.3,8.1,11.9,5.6,0,20.76,6.7,15.7,3.6,16.1,1.7,1.51,10.217828
PRT,2000,28.6,22.2,23.2,7.7,11,5.5,4,21.56,6.2,17.1,3.4,15.8,1.9,1.56,10.289898
PRT,2001,28.7,23.8,22.5,7.4,10.4,5,4,20.48,5.6,17.1,2.9,15.4,1.8,1.46,10.3627215
PRT,2002,28.9,25.5,21.7,7.3,12,5,4,20.9,5.4,17.1,3.4,14.9,2.7,1.47,10.4196305
PRT,2003,29,26.9,19.4,8.8,12.3,4.1,4,19.87,5.1,17.1,2.7,13.4,2.2,1.44,10.458821
PRT,2004,29.2,29.1,19.1,9.8,13.5,3.8,4,19.45,4.7,17.1,2.6,12.4,2.2,1.41,10.483861
PRT,2005,29.3,30.7,18.4,8.4,14.1,3.5,4,18.9,4.6,17.1,2.2,11.7,2.2,1.42,10.50333
PRT,2006,29.4,31.6,18.2,7.8,13.3,3.3,4,16.95,4.5,17.1,2.1,11.9,2.3,1.38,10.522288
PRT,2007,29.4,33.6,17.6,8.6,15.2,3.4,4,16.79,4.4,17.1,2.1,11.8,2.4,1.35,10.5429635
PRT,2008,29.6,36.2,18.1,7.1,13.5,3.3,4,15.9,4.1,17.1,2.1,11.3,2.5,1.4,10.5581765
PRT,2009,29.7,38.1,14.5,6.9,15.7,3.6,21.3,15.17,3.8,30.1,2.5,9.4,2.5,1.35,10.5682465
PRT,2010,29.8,41.3,13.9,7.4,16.4,2.5,21.3,14.3,3.8,30.1,1.7,8.7,2.6,1.39,10.5731
PRT,2011,30.1,42.8,11.9,8,18.7,3.1,21.3,13.08,3.4,30.1,2.4,8,2.5,1.35,10.5575595
PRT,2012,30.2,45.6,9.9,7.9,22.7,3.4,21.3,11.95,3.3,30.1,2.2,6.2,2.4,1.28,10.5148435
PRT,2013,30.4,47.6,10.8,6.9,22,2.9,21.3,10.45,3.1,30.1,1.9,5.5,2.2,1.21,10.457295
PRT,2014,30.7,49.3,13.5,6.1,23.9,2.9,21.3,9.09,3,30.1,2.1,5.9,2.1,1.23,10.4010615
ITA,1990,28.9,6.5,NA,NA,NA,8.1,0,8.67,5.6,47.7,6.3,33,0.5,1.36,56.719239
ITA,1992,29.3,6.7,NA,NA,NA,7.8,0,7.61,5.5,47.7,5.9,31.8,0.5,1.32,56.797078
ITA,1996,29.9,8.3,37.6,NA,NA,6,0,6.69,4.9,47.7,4.6,30.9,0.6,1.22,56.860279
ITA,1997,30.3,8.7,36.7,NA,NA,5.5,0,5.52,4.9,47.7,4.2,30.4,0.6,1.23,56.890371
ITA,1999,30.3,8.7,36.7,14.8,29.9,4.9,0,6.91,4.9,47.7,3.7,29.3,0.6,1.23,56.916316
ITA,2001,30.5,10.3,35.9,12.6,26.1,4.4,0,6.89,4.6,47.7,3.4,27.6,0.7,1.25,56.976976
ITA,2003,30.8,12.7,34.9,NA,NA,3.8,0,6.85,4.6,47.7,2.8,27,0.8,1.29,57.399187
ITA,2005,30.9,15.4,33.8,11.2,24.1,3.3,0,6.96,4.3,47.7,2.7,24.3,0.8,1.33,58.166684
ITA,2007,31,17.9,33.9,10.2,22.6,3.1,0,6.78,4.3,47.7,2.4,24,0.9,1.39,58.756247
ITA,2009,31.2,20.1,30.6,11.2,24.8,3.2,0,6.92,3.9,47.7,2.5,22.1,0.9,1.44,59.555456
ITA,2011,31.4,23.7,29.8,11.4,28.4,2.9,0,6.45,3.4,47.7,2,20.8,0.9,1.42,60.026844
ITA,2013,31.5,26.9,26.1,11,33.7,2.9,0.2,5.86,3.2,47.7,2,18.2,0.9,1.39,60.311616
LTU,2005,27.5,28,11.4,2.4,15.9,7.1,NA,19.67,6,NA,4.2,6.8,3.3,1.29,3.322525
LTU,2006,27.6,28.8,9.7,NA,NA,7.2,NA,20.43,6.5,NA,4.1,5.4,3.4,1.33,3.269903
LTU,2007,27.8,27.8,9.6,NA,NA,6.3,NA,19.41,7.1,NA,3.6,6.2,3.5,1.36,3.231297
LTU,2008,28.1,26.6,7.9,NA,NA,5.5,NA,19.25,7.5,NA,3.1,5.4,3.2,1.45,3.198234
LTU,2009,28.5,25.4,-1.2,NA,NA,5.6,NA,16.14,6.5,NA,3.3,-1.1,2.9,1.5,3.162911
LTU,2010,28.9,25.7,-2.4,4,24,5,NA,13.24,6,NA,2.7,-2,3.2,1.5,3.097292
LTU,2011,28.9,27.7,3,NA,NA,4.8,NA,14.05,6.3,NA,3,-0.1,3.4,1.55,3.028119
LTU,2012,29,28.8,3.9,NA,NA,3.9,NA,14.52,6.9,NA,2.4,0.4,3.5,1.6,2.987773
LTU,2013,29.2,29.5,5,NA,NA,3.7,NA,14.21,6.9,NA,2.1,1.9,3.4,1.59,2.957689
LTU,2014,29.4,29,5.6,2.7,16.4,3.9,4,13.57,7.6,62,2.5,1.6,3.3,1.63,2.932366
LTU,2015,29.5,27.7,5.6,3.9,16.5,4.2,4,14.06,7.6,62,2.4,1.5,3.2,1.7,2.904908
LTU,2016,29.7,27.4,5.6,2.1,14.9,4.5,4,13.27,7.4,62,2.5,1.2,3.1,1.69,2.868234
LTU,2017,29.8,26.7,4.3,2.3,16.1,3,4,12.16,7.5,62,1.7,0.4,3,1.63,2.828398
LTU,2018,30.1,26.4,5.8,2.6,14.6,3.4,4,11.19,7,62,2.2,1.7,3.1,1.63,2.801541
DEU,2006,29.7,30,27.9,4.2,16.7,3.8,0,10.1,4.5,58,2.6,11.4,2.3,1.33,82.376447
DEU,2007,29.9,30.8,28.4,4.2,15.2,3.9,8.7,9.91,4.5,58,2.7,11.5,2.3,1.37,82.266373
DEU,2008,30.1,32.1,28.4,3.7,14,3.5,8.7,9.75,4.6,58,2.4,11.6,2.3,1.38,82.110097
DEU,2009,30.2,32.7,27,3.8,13.7,3.5,8.7,9.08,4.6,58,2.3,10.3,2.3,1.36,81.902308
DEU,2010,30.4,33.3,26.7,3.7,13.7,3.4,8.7,8.94,4.7,58,2.3,10,2.3,1.39,81.776936
DEU,2011,30.5,33.9,27.4,3.5,12.6,3.6,8.7,8.33,4.6,58,2.4,9.8,2.3,1.39,80.274981
DEU,2012,30.6,34.5,26.3,3,11.2,3.3,8.7,8.04,4.8,58,2.2,9.8,2.2,1.41,80.425826
DEU,2013,30.8,34.8,25.6,2.8,10.3,3.3,8.7,7.76,4.6,58,2.2,9,2.1,1.42,80.645605
DEU,2014,30.9,35,24.9,2.9,10.1,3.2,8.7,7.79,4.8,58,2.2,8.6,2.1,1.47,80.982495
DEU,2015,30.9,35,23.8,2.5,9.3,3.3,8.7,7.84,4.9,58,2.3,8.1,2,1.5,81.686608
DEU,2016,30.9,35.5,23.8,3.4,10.8,3.4,8.7,9.22,5,58,2.4,7.6,2,1.59,82.348669
DEU,2017,31,34.7,22.9,3.6,10.1,3.3,8.7,8.04,4.9,58,2.3,7.4,1.9,1.57,82.657
DEU,2018,31.1,33.9,23,3.4,10.4,3.2,8.7,7.42,5.4,58,2.3,7.6,1.8,1.57,82.905788
DEU,2019,31.2,33.3,23,2.8,8.8,NA,8.7,6.92,5,58,NA,7.7,1.8,1.54,83.092958
NLD,2001,30.3,27.2,36.6,2.8,6.7,5.4,0,7.76,5,16,3.9,18.2,2.3,1.71,16.046182
NLD,2002,30.4,29.1,35,3.2,6.3,5,0.4,7.59,5.2,16,NA,16.9,2.1,1.73,16.148921
NLD,2003,30.4,30.7,32.3,2.9,8.5,4.8,0.4,7.06,4.9,16,3.6,16.4,1.9,1.75,16.225303
NLD,2004,30.5,32.5,32.9,2.6,8.9,4.4,0.4,6.29,4.4,16,3.4,15.6,1.9,1.73,16.281777
NLD,2005,30.6,34.9,33.1,3.1,8.1,4.9,0.4,5.77,4.4,16,3.7,15,2,1.71,16.319871
NLD,2006,30.6,37.1,33.7,2.2,6,4.4,0.4,5.23,4.4,16,3.3,14.6,1.9,1.72,16.346096
NLD,2007,30.6,39.5,33.7,3.6,6.9,4.1,0.4,5.19,4.3,16,NA,14,2,1.72,16.381696
NLD,2008,30.7,41.2,33.3,2.1,5.6,3.8,0.4,5.18,4.5,16,2.8,13.5,2,1.77,16.44559
NLD,2009,30.7,43.3,30.7,3.6,7.9,3.8,26.4,5.32,4.4,42,NA,12.3,1.9,1.79,16.530387
NLD,2010,30.8,44.3,29.4,3.1,7.4,3.8,26.4,5.13,4.5,42,2.8,11.1,2,1.8,16.61539
NLD,2011,30.9,45.3,29.2,3.4,6.9,3.6,26.4,4.83,4.3,42,2.7,10.4,2,1.76,16.693074
NLD,2012,30.9,46.6,28.3,2.4,7.1,3.7,26.4,4.53,4.2,42,2.6,9.9,2.1,1.72,16.754963
NLD,2013,31,47.4,26,4.1,9.5,3.8,26.4,3.91,3.8,42,2.4,9.2,2,1.68,16.80443
NLD,2014,31.1,48.7,26.6,3.6,10.4,3.6,26.4,3.68,3.9,42,2.2,10,2.1,1.71,16.865008
GBR,1990,27.7,27.9,43.18,NA,NA,7.9,0,33.01,6.6,18,4.5,19.3,2.7,1.83,57.237493
GBR,1991,27.7,29.8,40.27,NA,NA,7.4,0,32.74,6.1,18,4.4,17.3,2.8,1.82,57.438658
GBR,1992,27.8,30.8,36.37,NA,NA,6.6,0,31.49,6.2,18,4.3,14.3,2.8,1.79,57.58453
GBR,1993,28,31.8,34.94,NA,NA,6.3,0,30.38,5.9,18,4.2,13,2.9,1.76,57.713889
GBR,1994,28.1,32,35.26,NA,NA,6.2,0,28.43,5.7,18,4.1,13.2,2.7,1.74,57.862145
GBR,1995,28.2,33.5,37.2,NA,NA,6.2,0,28.02,5.6,18,4.2,13.6,2.9,1.71,58.024799
GBR,1996,28.2,35.5,36.6,NA,NA,6.1,0,29.38,5.5,18,4.1,13,3,1.73,58.164374
GBR,1997,28.3,36.8,37.3,NA,NA,5.8,0,30.02,5.3,18,3.9,13.4,2.8,1.72,58.314249
GBR,1998,28.4,37.6,36.6,NA,NA,5.7,0,30.71,5.2,18,3.8,13.8,2.7,1.71,58.474943
GBR,1999,28.4,38.8,36,NA,NA,5.8,0,30.63,5.1,18,3.9,13.5,2.7,1.68,58.684427
GBR,2000,28.5,39.5,35.4,8,15.4,5.6,0,28.94,5.2,18,3.9,13.3,2.6,1.64,58.886065
GBR,2001,28.6,40.1,34.9,8.2,14.8,5.5,0,27.67,4.8,18,3.6,12.9,2.7,1.63,59.113016
GBR,2002,28.7,40.6,32.8,8.6,15.3,5.2,0,26.71,4.9,18,3.5,12.4,2.7,1.63,59.365677
GBR,2003,28.9,41.5,32.6,9.4,15.3,5.3,2,26.61,5.2,26,3.6,13,2.8,1.7,59.636662
GBR,2004,29,42.3,32.2,9,14.8,5,2,27,NA,26,3.4,12.9,2.8,1.75,59.950364
GBR,2005,29.1,42.9,31.5,9.3,16.8,5.1,2,26.68,NA,26,3.5,12.2,2.6,1.76,60.413276
GBR,2006,29.2,43.7,30.1,10.9,18.2,4.9,2,26.76,NA,26,3.5,12.1,2.4,1.82,60.827067
GBR,2007,29.3,44.4,30.3,10.7,18.1,4.7,2,26.08,4.5,39,3.3,12.2,2.3,1.86,61.319075
GBR,2008,29.3,45.4,29.2,9.8,18.3,4.6,2,25.98,4.4,39,3.2,11.7,2.2,1.91,61.823772
GBR,2009,29.4,46.3,25.8,9.6,19.1,4.5,2,25.01,4.3,39,3.2,10.2,2,1.89,62.260486
GBR,2010,29.5,46.9,26,10,19.3,4.2,2,23.69,4.4,39,3,10.2,2.1,1.92,62.759456
GBR,2011,29.7,47.3,26.3,9.5,19.1,4.2,2,21.39,4.4,39,3,10.2,2.1,1.91,63.285145
GBR,2012,29.8,47.6,26.9,9.6,20.2,4,2,20.17,4.7,39,2.9,10.2,2.1,1.92,63.70503
GBR,2013,30,47.5,27,9.1,19.1,3.9,2,17.67,4.2,39,2.7,10,2,1.83,64.105654
GBR,2014,30.2,47.6,27.3,8.4,17,3.9,2,15.9,4.4,39,2.7,9.8,1.9,1.81,64.596752
GBR,2015,30.3,47.9,27.2,8.7,15.6,3.9,2,14.58,4.2,39,2.7,10,1.7,1.8,65.110034
GBR,2016,30.4,47.7,26.2,8.4,15,3.8,2,14.04,4.3,39,2.8,9.9,1.8,1.79,65.648054
GBR,2017,30.5,48.2,26.2,8.8,12.9,3.9,2,12.99,4.1,39,2.8,9.3,1.7,1.74,66.040229
GBR,2018,30.6,48.4,25.2,8.9,14.2,3.9,2,12.16,4,39,2.8,9.1,1.5,1.68,66.43555
GBR,2019,30.7,48.5,24.7,8.6,13.6,NA,2,11.3,3.7,39,NA,8.1,1.8,1.63,66.796807
GBR,2020,30.7,49,21.3,9.2,14.2,NA,2,10.05,NA,39,NA,6.8,1.7,1.56,67.081234
HUN,2005,28.4,35,15.2,6.4,18.9,6.2,1,19.96,4.4,160,4.1,12.1,2.5,1.32,10.087064
HUN,2010,29.3,40.8,12.1,4.6,21.5,5.3,1,17.92,3.6,160,3.5,9.7,2.4,1.26,10.00002
HUN,2011,29.4,42.3,12,4.8,22.4,4.9,1,17.95,3.6,160,3.1,10.4,2.3,1.24,9.958824
HUN,2012,29.4,44.5,13.2,4.8,22.5,4.9,1,19.22,3.6,160,3.3,9.7,2.2,1.34,9.920364
HUN,2013,29.5,45.6,14.2,6,26.1,5,1,21.07,3.7,160,3,11.1,2,1.34,9.893083
HUN,2014,29.5,47.3,17.8,6.8,20.6,4.5,1,23.06,3.9,160,2.9,11.9,2,1.41,9.866466
HUN,2015,29.6,47.9,16.8,6.1,18.4,4.2,1,22.77,4.7,160,2.6,12.5,2.1,1.44,9.843025
HUN,2016,29.6,46.7,17.3,5.1,17.5,3.9,1,24.85,5.3,160,2.5,12.8,2,1.49,9.814026
HUN,2017,29.8,44.7,17.2,5.4,16.1,3.5,1,22.97,5.2,160,2.2,13.9,1.9,1.49,9.787969
HUN,2018,29.8,43.9,17,6.8,15.4,3.3,1,22.04,5.2,160,2.1,14,1.7,1.49,9.775566
HUN,2019,29.9,38.7,17.1,6,15.5,NA,1,21.09,6.7,160,NA,14.3,1.8,1.49,9.771142
HUN,2020,29.9,30.4,15.6,6.7,15.6,NA,1,21.38,6.9,160,NA,14.7,1.5,1.52,9.750153
GRC,2001,29.3,4.3,38,7.2,23.8,5.1,0.4,11.13,5.3,17,3.6,29.7,1,1.25,10.862129
GRC,2002,29.4,4.4,38.8,7.7,23.6,5.1,0.4,10.72,5.3,17,3.5,28.9,1,1.28,10.902022
GRC,1999,29,3.9,40,9.4,27.5,6.2,0,10.94,5.6,16,4.4,30.2,0.9,1.23,10.761698
GRC,2000,29.6,4,39.5,9.3,25.9,5.9,0.4,8.85,4.5,17,4.2,29.8,1,1.25,10.805806
PRT,2015,30.9,50.7,11.7,5.5,20.9,2.9,21.3,8.27,3.1,30.1,2,5.7,2.3,1.3,10.358076
PRT,2016,31.1,52.8,12.2,4.8,20.8,3.2,22.3,7.91,3.1,30.1,2.3,5.8,2.2,1.36,10.3254515
PRT,2017,31.2,54.9,14.3,4.3,17.1,2.7,22.3,7.82,3.3,30.1,1.8,6.3,2.1,1.37,10.3003
PRT,2018,31.4,55.9,14,4,16.8,3.3,22.3,7.35,3.4,30.1,2.2,5.9,2,1.41,10.283822
PRT,2019,31.4,56.8,13.2,3.9,15.3,NA,22.3,7.63,3.2,30.1,NA,6.1,2,1.42,10.286263
PRT,2020,31.6,57.9,9.6,3.4,15.5,NA,22.3,6.53,1.8,30.1,NA,5,1.7,1.4,10.2970805
POL,1997,27.1,11,NA,5.3,25.3,10.2,0,19.48,5.3,16,7.4,14.3,1.1,1.47,38.292
POL,1998,27.2,11.6,21.1,4.8,23.9,9.5,0,18.67,5.4,16,6.9,14.1,1.2,1.41,38.2835
POL,1999,27.3,11.7,16.9,4.6,27.2,8.9,0,17.46,5.7,16,6.3,12,1.1,1.37,38.27
POL,2000,27.3,12.1,16.7,4.5,30.8,8.1,0,16.96,5.5,20,5.6,12.3,1.1,1.37,38.2584775
POL,2001,27.6,13.1,17.4,5.8,27.1,7.7,0,15.82,5.1,26,5.4,11.4,1.2,1.32,38.248076
POL,2002,27.7,14.4,16,3.1,25.4,7.5,0,15.16,5,16,5.3,10.6,1.2,1.25,38.232301
POL,2003,27.9,15.8,17.2,3.3,25.5,7,0,14.5,5.1,16,5,10.5,1.3,1.22,38.195177
POL,2004,28,17.1,18,2.6,24.1,6.8,0,13.76,5,16,4.9,11,1.5,1.23,38.180249
POL,2005,28.2,18.5,19.8,1.7,20.1,6.4,0,13.47,5.4,16,4.5,12,1.8,1.24,38.161313
POL,2006,28.3,18.9,21,3.8,20.7,6,0,13.88,5.9,16,4.3,12.7,1.9,1.27,38.132277
POL,2007,28.4,19.5,22.9,2.5,18.3,6,0,14.74,6.5,18,4.3,13,1.7,1.31,38.115967
POL,2008,28.5,19.9,23,2.4,15.6,5.6,0,16.22,6.8,18,3.9,13.9,1.7,1.39,38.115909
POL,2009,28.6,20.2,20.4,3.6,16.4,5.6,0,16.25,6.6,20,4,13.3,1.7,1.4,38.153389
POL,2010,28.8,20.6,19.1,3.6,17.6,5,1,15.26,6,22,3.5,12.7,1.6,1.38,38.516689
POL,2011,28.9,21.2,19.8,3.9,18.6,4.7,1,13.97,5.4,22,3.2,13.3,1.7,1.3,38.52567
POL,2012,28.9,22.3,20.1,3.9,18.9,4.6,2,14.2,5.4,24,3.3,13.2,1.7,1.3,38.533789
POL,2013,29,23.4,19.9,3.5,20.2,4.6,2,13.7,4.7,52,3.1,13.2,1.7,1.26,38.502396
POL,2014,29.1,24.2,21.3,4,19.2,4.2,2,13.11,5,52,2.9,13,1.7,1.29,38.483957
POL,2015,29.2,24.6,20.2,5.2,18.5,4,2,12.31,5,52,2.9,12.6,1.8,1.29,38.454576
POL,2016,29.4,25,20.4,5.6,18,4,2,11.95,5.1,52,2.9,12.9,1.7,1.36,38.426809
POL,2017,29.5,24.1,20.4,2.9,15.9,4,2,10.96,5.1,52,2.8,13.3,1.7,1.45,38.422346
POL,2018,29.6,26.4,20.3,3.5,14.5,3.8,2,10.3,5.1,52,2.8,13.2,1.7,1.44,38.413139
POL,2019,29.7,25.4,20.2,3.1,14,NA,2,9.4,4.8,52,NA,14.2,1.7,1.42,38.386476
POL,2020,29.8,26.4,19.8,2.8,15.4,NA,2,8.15,3.8,52,NA,14.4,1.4,1.38,38.354173
HUN,2000,27.3,29,17.8,8.6,22,9.2,0,23.3,4.7,160,6.2,13.1,2.3,1.33,10.210965
HUN,2001,27.6,30.3,16.5,8.3,20,8.1,0,21.82,4.3,160,5.3,13.2,2.4,1.31,10.187578
HUN,2002,27.8,31.4,16.2,8,20.5,7.2,1,21.35,4.5,160,5.2,13.1,2.5,1.31,10.15861
HUN,2003,28,32.3,16.8,6.8,19.9,7.3,1,20.56,4.5,160,4.7,12.5,2.5,1.28,10.129554
HUN,2004,28.2,34,15.3,6.2,18.6,6.6,1,20.72,4.3,160,4.4,12.4,2.4,1.28,10.10714
HUN,2006,28.7,35.6,15.8,6,18.5,5.7,1,19.74,4.4,160,3.7,12.8,2.5,1.35,10.071374
HUN,2007,28.8,37.5,15.1,5,16.9,5.9,1,19.39,4.1,160,3.9,13,2.5,1.32,10.055778
HUN,2008,28.9,39.5,14.1,5.7,18.4,5.6,1,20.05,4,160,3.8,12.4,2.5,1.35,10.038186
HUN,2009,29.1,40.8,12.1,5.6,20.9,5.1,1,19.48,3.7,160,3.4,11.1,2.4,1.33,10.022647
CZE,2001,26.6,23.5,NA,6.8,18.1,4,0,11.48,5.1,162,2.3,16.6,3.1,1.15,10.224192
CZE,2002,26.6,25.3,22.85,6,18.1,4.1,0,11.58,5.2,162,2.7,17.1,3.1,1.17,10.200774
CZE,2003,26.5,28.5,24.1,5.8,18,3.9,0,11.43,4.8,162,2.4,17.1,3.8,1.18,10.201651
CZE,2004,26.5,30.6,24.4,5.7,18.5,3.7,0,11.39,5,162,2.3,16.4,3.2,1.23,10.206923
CZE,2005,26.5,31.7,23.9,5.3,16.6,3.4,0,10.98,5.1,162,2,17,3.1,1.28,10.234092
CZE,2006,26.5,33.3,24.3,4.5,14.1,3.3,0,11,5.2,162,2.3,16.9,3.1,1.33,10.266646
CZE,2007,26.4,34.5,25.1,2.9,11,3.1,0,11.21,5.5,162,2.1,17.5,3,1.44,10.322689
CZE,2008,26.3,36.3,25.3,2.7,10.6,2.8,0,11.58,5.1,110,1.8,17.8,3,1.5,10.429692
CZE,2009,26.5,38.8,22.8,3.5,13.1,2.9,0,11.87,4.6,110,1.6,17.1,2.8,1.49,10.491492
CZE,2010,26.5,40.3,23.2,3.8,13.6,2.7,0,11.52,4.5,110,1.7,17.2,2.9,1.49,10.517247
CZE,2011,26.6,41.8,24,3.7,12.8,2.7,0,11.2,4.3,110,1.7,16.8,2.7,1.43,10.496672
CZE,2012,26.5,43.4,23.3,4,13.4,2.6,0,11.91,4.3,110,1.6,16.4,2.5,1.45,10.509286
CZE,2013,26.7,45,23,3.2,14.2,2.5,0,11.67,4.1,110,1.4,16.1,2.7,1.46,10.510719
CZE,2014,26.8,46.7,23.3,3.2,12.3,2.4,0,11.87,4.3,110,1.6,16.3,2.5,1.53,10.524783
CZE,2015,27.1,47.8,23.1,3,11.6,2.5,0,11.61,4.6,110,1.5,15.5,2.5,1.57,10.542942
CZE,2016,27.2,48.6,22.6,2.1,11.3,2.8,0,11.75,4.8,110,1.7,14.9,2.4,1.63,10.565284
CZE,2017,27.4,49,22.3,2,10.5,2.7,0,11.81,5,110,1.8,14.7,2.4,1.69,10.589526
FRA,2001,29.3,44.7,21.6,6.6,17.1,4.6,0,12.73,4.8,16,3,13.2,1.9,1.88,61.163237
FRA,2002,29.4,45.2,20,6.8,17.6,4.2,2,12.04,4.6,16,2.7,12.5,1.9,1.86,61.60455
FRA,2003,29.5,46.2,23.7,5.4,16.7,4.2,2,11.66,4.6,16,2.8,11.8,2.1,1.87,62.037544
FRA,2004,29.6,47.4,21.5,5.4,18.8,4,2,11.68,4.5,42,2.7,11.4,2.2,1.9,62.4908
FRA,2005,29.7,48.4,21.6,6.3,17.8,3.8,2,11.51,4.5,42,2.5,10.9,2.5,1.92,62.958328
FRA,2006,29.7,50.5,21,7,19,3.8,2,11.53,4.3,42,2.5,10.4,2.2,1.98,63.393406
FRA,2007,29.8,51.7,20.7,6.3,17.9,3.8,2,11.37,4.3,42,2.5,9.6,2.1,1.95,63.781275
FRA,2008,29.8,52.6,20.2,5.8,16.6,3.8,2,11.5,4.1,42,2.6,9.4,2.1,1.99,64.133174
FRA,2009,29.9,53.7,18.1,6.8,20,3.9,2,11.12,3.9,42,2.6,8.6,2,1.99,64.458715
FRA,2010,30,55,18.5,7.9,20.6,3.6,2,11.06,3.9,42,2.5,8.7,2.1,2.02,64.773169
FRA,2011,30,55.8,18.3,7.1,20.3,3.5,2,10.7,3.6,42,2.3,8.7,2,2,65.087317
FRA,2012,30.1,56.7,17.9,6.9,20.1,3.5,2,10.72,3.7,42,2.4,8.2,2,1.99,65.402998
FRA,2013,30.2,57.2,16.7,7.8,19.4,3.6,2,10.05,3.6,42,2.5,7.6,1.9,1.97,65.735961
FRA,2014,30.3,58.5,15.9,7.9,18.4,3.5,28,9.88,3.6,42,2.4,6.8,1.9,1.97,66.276671
FRA,2015,30.4,59.1,15.6,7.4,20.9,3.7,28,9.19,3.6,42,2.6,6.5,1.9,1.93,66.512558
FRA,2016,30.5,59.7,15.7,7.3,21.9,3.7,28,8.54,3.5,42,2.6,6.7,1.9,1.89,66.688563
FRA,2017,30.6,59.9,15.8,7.2,20.7,3.9,28,7.99,3.5,42,2.8,7.2,NA,1.86,66.883314
FRA,2018,30.6,60.4,16,6.8,20.3,3.8,28,7.65,3.5,42,2.7,6.9,NA,1.84,67.125071
FRA,2019,30.7,61,15.2,6.5,19.5,3.8,28,7.5,NA,42,NA,6.4,NA,1.83,67.35605
NLD,2000,30.3,24.9,37,NA,NA,5.1,0,7.36,5.5,16,NA,18.5,2.2,1.72,15.925505
NLD,2015,31.2,49.8,27.4,3.6,8.8,3.3,0.4,3.19,3.8,16,2.5,9.8,2,1.66,16.939925
NLD,2016,31.3,50.4,27.6,3.7,8.5,3.5,0.4,2.98,3.8,16,2.6,9.5,2,1.66,17.030314
NLD,2017,31.4,51,27,3.5,7.7,3.6,0.4,2.77,3.8,16,2.7,9.1,1.9,1.62,17.131295
NLD,2018,31.5,51.9,26.8,3.3,7.7,3.5,0.4,2.58,3.7,16,2.5,8.8,1.8,1.59,17.231622
IRL,1990,29.9,14.6,41.32,NA,NA,8.2,0,16.54,5.1,14,4.8,30.9,NA,2.12,3.5058
IRL,1991,29.9,16.9,39.52,NA,NA,7.6,0,17.17,4.9,14,5,29.6,NA,2.09,3.5257
IRL,1992,30,18,37.33,NA,NA,6.5,0,16.86,4.7,14,4.3,27.1,NA,1.99,3.5545
IRL,1993,30.1,19.9,35.58,NA,NA,6.1,0,16.17,4.7,14,4,25.3,NA,1.91,3.5741
IRL,1994,30.1,20.8,35.94,NA,NA,5.7,0,14.93,4.6,14,4,25.9,NA,1.85,3.5859
IRL,1995,30.2,22.3,41.5,NA,NA,6.4,0,14.98,4.3,14,4.7,25.2,NA,1.85,3.6013
IRL,1996,30.2,25.3,39.5,NA,NA,6,0,16.64,4.4,14,4.1,23.3,NA,1.89,3.626087
IRL,1997,30.3,26.8,37.4,NA,NA,6.1,0,17.41,4.3,14,3.5,23.1,0,1.94,3.664313
IRL,1998,30.3,28.7,38.3,NA,NA,5.9,0,19.31,4.5,14,4.3,22.8,0.4,1.95,3.703082
DEU,1997,NA,18,28.5,5,18.4,4.9,0,NA,5.2,109.3,2.9,16.8,2.3,1.37,82.034775
DEU,1999,NA,22.1,29.4,4.5,16.7,4.5,0,NA,5.2,109.3,2.9,15.4,2.3,1.36,82.100243
DEU,2000,28.8,23.4,29,5.7,16.9,4.4,0,12.94,5.1,109.3,2.7,14.8,2.4,1.38,82.211501
DEU,2001,28.9,25,28.1,5.1,16.4,4.3,0,12.94,4.7,58,2.7,14.1,2.4,1.35,82.349926
DEU,2002,29,26.1,26.5,4.7,15.9,4.2,0,12.31,4.6,58,2.8,12.9,2.5,1.34,82.488493
DEU,2003,29.2,27,24.5,4.7,15.6,4.2,0,11.57,4.6,58,2.7,11.7,2.6,1.34,82.534175
DEU,2004,29.4,27.9,26,3.6,17.5,4.1,0,10.89,4.8,58,2.7,11.6,2.6,1.36,82.516268
DEU,2005,29.5,29.2,26.3,4.4,18.7,3.9,0,10.57,4.7,58,2.5,11.8,2.4,1.34,82.469421
ITA,2015,31.7,30,27.5,11.4,33.9,2.9,0.2,5.13,3.2,47.7,2,18.3,1.4,1.36,60.229599
ITA,2017,31.9,32.8,28.1,10.2,30.1,2.7,0.4,4.34,3.2,47.7,2,18.2,1.5,1.34,60.002254
LUX,1990,28.4,12.8,41,NA,NA,7.3,0.4,13.81,6.1,16,4.3,35,2,1.62,0.381857
LUX,1991,28.4,12.2,40.92,NA,NA,9.2,0.4,13.16,6.7,16,5,33.8,2,1.6,0.386999
LUX,1992,28.6,12.7,37.05,NA,NA,8.5,0.4,12.17,6.4,16,4.1,30.1,1.8,1.67,0.392171
LUX,1993,28.5,12.9,39.48,NA,NA,6,0.4,13.12,6,16,3.4,31.8,1.9,1.69,0.397481
LUX,1994,28.7,12.7,38.23,NA,NA,5.3,0.4,11.64,5.8,16,3.3,30,1.7,1.72,0.402921
LUX,1995,28.9,13.1,38.2,NA,NA,5.5,0.4,10.56,5.1,16,3.5,32.1,1.8,1.67,0.408625
LUX,1996,29.2,15,40.3,NA,NA,4.9,0.4,9.9,5.1,16,2.8,30.8,2,1.76,0.414228
LUX,1997,29.2,16.8,38,5.6,10.3,4.2,0.4,9.14,4.8,16,2.2,28.9,2.4,1.71,0.41944
LUX,1998,29.3,17.5,37.4,6.1,9.5,5,0.4,9.71,4.8,16,3,29,2.4,1.67,0.424699
CHE,1990,28.9,6.1,NA,NA,NA,6.8,0,6.94,6.9,0,3.8,NA,2,1.59,6.712273
CHE,1991,29,6.5,43.2,NA,NA,6.2,0,7.98,7,0,3.6,23.6,2,1.58,6.799979
CHE,1992,29.1,6.2,42.45,NA,NA,6.4,0,7.25,6.6,0,3.9,21.9,2.1,1.58,6.875364
CHE,1993,29.2,6.3,42.39,NA,NA,5.6,0,6.7,6.2,0,3.5,21.7,2.2,1.51,6.938265
CHE,1994,29.4,6.4,41.2,NA,NA,5.1,0,5.95,6.1,0,3.3,21,2.2,1.49,6.993795
CHE,1995,29.4,6.8,44.7,NA,NA,5.1,0,5.5,5.8,0,3.4,21.4,2.2,1.48,7.040687
CHE,1996,29.5,7.3,43.1,NA,NA,4.7,0,5.63,5.7,0,3.3,19.6,2.3,1.5,7.071851
CHE,1997,29.6,8.1,40.1,7.4,10.4,4.8,0,5.6,5.5,0,3.4,18.1,2.4,1.48,7.088906
CHE,1998,29.7,8.8,40.8,4.9,11.3,4.8,0,5.56,5.4,0,3.5,18.4,2.5,1.47,7.110002
CHE,1999,29.7,10,40.1,7.6,8.3,4.6,0,5.91,5.7,0,3.4,17.6,2.9,1.48,7.143991
CHE,2000,29.8,10.7,39.4,7.9,5.9,4.9,0,5.98,5.5,0,3.6,18,1.5,1.5,7.18425
CHE,2001,30,11.2,38.1,6.8,8.4,5,0,5.44,5,0,3.6,17,2.2,1.38,7.226647
CHE,2002,30.1,11.7,37.6,5.8,9.4,4.5,0,5.39,5.5,0,3.6,14.7,2.2,1.39,7.284754
CHE,2003,30.2,12.4,35.5,7.8,12.4,4.3,0,5.24,5.5,0,3.3,14.4,2.3,1.39,7.339002
CHE,2004,30.4,13.3,35.8,7.2,11,4.2,0,5.14,5.3,0,3.2,14.1,2.4,1.42,7.389626
CHE,2005,30.6,13.7,35.4,7.5,11.9,4.2,0,5.08,5.4,8,3.2,13.5,2.9,1.42,7.437116
CHE,2006,30.7,15.4,35.4,7.6,10.8,4.4,0,4.54,5.3,14,3.4,13.6,2.8,1.44,7.483935
CHE,2007,30.9,16.2,36,8.2,10.4,3.9,0,4.33,5.3,14,3.1,14,2.6,1.46,7.551117
CHE,2008,31,17.1,35.1,9.4,9.1,4,0,4.28,5.4,14,3.2,11.9,2.6,1.48,7.647676
CHE,2009,31.2,17.9,32.5,8.1,10.9,4.3,0,4.1,5.4,14,3.5,10.8,2.5,1.5,7.743832
CHE,2010,31.2,18.6,32.6,NA,NA,3.8,0,3.92,5.5,14,3.1,11.9,2.8,1.54,7.82491
CHE,2011,31.4,19.3,33.6,NA,NA,3.8,0,3.34,5.3,14,2.9,11.6,2.2,1.52,7.912396
CHE,2012,31.5,20.2,31.9,NA,NA,3.6,0,3.43,5.3,14,2.9,10.9,2.2,1.53,7.996861
CHE,2013,31.6,21.1,31,NA,NA,3.9,0,3.03,4.9,14,3.2,10.3,2.1,1.52,8.089346
CHE,2014,31.8,21.7,29.8,NA,NA,3.9,0,2.92,5.1,14,3.1,9.3,2,1.54,8.188646
CHE,2015,31.8,22.9,29.1,NA,NA,3.9,0,2.63,5,14,3.1,8.9,2.1,1.54,8.282398
CHE,2016,31.9,24.2,29.1,NA,NA,3.6,0,2.86,5,14,3,8.3,2,1.54,8.373334
CHE,2017,31.9,25.2,28.4,4.7,9.1,3.5,0,2.4,4.8,14,2.8,9.1,1.9,1.52,8.451834
CHE,2018,32,25.7,28.6,4.1,10,3.3,0,2.32,4.8,14,2.7,8.8,1.9,1.52,8.514327
LTU,2002,26.8,28,9,NA,NA,8.1,NA,20.87,4.7,NA,4.4,5.5,3.1,1.23,3.443066
LTU,2003,27.1,29.5,9.9,NA,NA,6.9,NA,21.03,5,NA,3.8,5.6,3.1,1.26,3.415209
LTU,2004,27.3,28.5,10,NA,NA,8.1,NA,20.02,5.7,NA,4.9,6.9,3.3,1.27,3.377073
LTU,2019,30.2,26.8,4.2,3,14.5,NA,4,10.06,7,62,NA,1,3.1,1.61,2.794135
SVN,2003,28.9,42.5,11.7,4.8,13,4,NA,5.78,3.4,NA,3.1,9.8,1.2,1.2,1.996773
SVN,2004,29.2,44.8,15.4,4.3,11.2,3.7,NA,5.3,3.3,NA,2.5,9.5,1.2,1.25,1.997004
SVN,2005,29.4,46.7,13.9,4.9,13,4.1,NA,6.09,2.9,NA,3,9.1,1.3,1.26,2.001114
SVN,2006,29.6,47.2,13.1,4.2,13.7,3.4,NA,4.74,3.2,NA,2.5,9.3,1.2,1.31,2.008516
SVN,2007,29.8,50.8,14.6,4.3,10.4,2.8,NA,5.12,3.2,NA,2,10.1,1.3,1.38,2.019406
SVN,2008,29.9,52.8,14.2,4.4,10.3,2.4,NA,5.13,3.3,NA,1.9,8.5,1.1,1.53,2.022629
SVN,2009,30,53.6,9.6,2.5,11.4,2.4,NA,5.43,3.2,NA,1.6,7.2,1.1,1.53,2.042335
SVN,2010,30.1,55.7,8.9,3.2,9.3,2.5,NA,4.94,3.2,NA,1.8,7,1.2,1.57,2.049261
SVN,2011,30.1,56.8,8.9,3.4,11.3,2.9,NA,5.16,3.2,NA,2.3,6.8,1.1,1.56,2.052496
SVN,2012,30.1,57.6,10.3,3.8,11.4,1.6,2.1,4.49,3.4,52.1,1.1,6.9,1.2,1.58,2.056262
SVN,2013,30.1,58,9.9,3.5,13.7,2.9,2.1,4.65,3,52.1,1.8,7.9,1.1,1.55,2.059114
SVN,2014,30.2,58.3,11.4,4.6,13.4,1.8,2.1,4.99,3.2,52.1,1.3,7.5,1.2,1.58,2.061623
SVN,2015,30.2,57.9,12.6,5,17.2,1.6,2.1,4.53,3.1,52.1,0.8,8.2,1.2,1.57,2.063077
SVN,2016,30.3,58.6,11.7,2.9,12.1,2,2.9,4.13,3.2,52.1,1.4,6.3,1.2,1.58,2.064241
SVN,2017,30.3,57.5,13.3,3.4,10.5,2.1,3.6,4.02,3.1,52.1,1.3,6.7,1.2,1.62,2.066161
SVN,2018,30.4,57.7,13.1,1.9,12,1.7,4.3,3.84,3.5,52.1,1.4,7,1.1,1.61,2.07005
SVN,2019,30.5,57.7,12.1,3.8,8.7,NA,4.3,4.57,3.2,52.1,NA,6.2,1.2,1.61,2.08931
SVN,2020,30.4,56.5,8.8,3.3,11.6,NA,4.3,4.23,2.5,52.1,NA,5.9,0.8,1.6,2.100126
DEU,1990,NA,15.3,33.38,NA,NA,7,0,NA,6.5,70,3.5,23.5,1.9,1.45,79.433034
DEU,1991,NA,15.1,30.43,NA,NA,6.9,0,NA,5.7,83.3,3.5,21.3,1.7,1.33,80.013901
DEU,1992,NA,14.9,30.01,NA,NA,6.2,0,NA,5.6,83.3,3.4,20.7,1.7,1.29,80.624601
DEU,1993,NA,14.8,29.11,NA,NA,5.8,0,NA,5.5,109.3,3.1,19.8,1.9,1.28,81.156368
DEU,1994,NA,15.4,28.81,NA,NA,5.6,0,NA,5.4,109.3,3.2,19.3,2,1.24,81.438346
DEU,1995,NA,16.1,29.4,NA,NA,5.3,0,NA,5.3,109.3,3.2,18.4,2.1,1.25,81.678046
DEU,1996,NA,17,29.4,NA,NA,5,0,NA,5.2,109.3,3,17.3,2.1,1.32,81.914834
DEU,1998,NA,20,29.7,NA,NA,4.7,0,NA,5.1,109.3,2.8,16.6,2.3,1.36,82.047197
DEU,2020,31.3,33.1,20.2,NA,NA,NA,8.7,6.51,4.5,58,NA,7.1,1.7,1.53,83.160874
DEU,2021,NA,NA,21.5,NA,NA,NA,8.7,NA,NA,58,NA,7.1,NA,NA,83.196074
DEU,2022,NA,NA,NA,NA,NA,NA,8.7,NA,NA,58,NA,NA,NA,NA,NA
NOR,1997,29.1,48.7,25.7,1.6,11.7,4.2,4,12.73,5.4,38,2.9,9.5,2.3,1.86,4.405158
NOR,1998,29.2,49,25.1,1.9,8.4,4.2,4,12.39,5.3,38,2.9,9.2,2.1,1.81,4.431465
NOR,1999,29.2,49.1,22.5,1.7,7.8,4.1,4,11.68,5.3,90,2.8,8.3,2,1.85,4.461915
NOR,2000,29.3,49.6,20.9,1.7,8,3.9,4,11.74,5,90,2.7,7.7,2.2,1.85,4.490973
NOR,2001,29.4,49.7,19.7,3,8.7,3.8,4,11.04,4.4,90,2.9,7.1,2.3,1.78,4.513747
NOR,2002,29.5,50.3,19.1,3.2,9.7,3.3,4,10.06,4.5,90,2.4,6.2,2.3,1.75,4.538157
NOR,2003,29.7,50,17,2.7,10.6,3.6,4,9.06,4.9,90,2.5,5.7,2.4,1.8,4.564856
NOR,2004,29.7,51.4,16.8,2.8,9.8,3.2,4,8.16,4.1,90,2.3,5.7,2.4,1.83,4.591909
NOR,2005,29.8,51.8,17.5,2.5,9.6,2.8,5,8.05,4.8,90,2.1,6.1,2.4,1.84,4.623293
NOR,2006,29.8,53,18,3.4,9.1,3.3,6,8.72,4.7,90,2.4,6.2,2.3,1.9,4.660673
NOR,2007,29.9,54.5,18.8,3.7,8.8,3.1,6,9.09,5,90,2.1,5.5,2.2,1.9,4.709156
NOR,2008,29.9,55,17.7,4,7,3,6,9.3,5.3,90,2.1,5.1,2.1,1.96,4.768215
NOR,2009,30,55.1,14.1,4.2,9.4,3.2,10,9.51,5,88,2.3,3.9,2.1,1.98,4.828716
NOR,2010,30.1,54.8,13.5,3.5,9,2.5,10,8.43,4.8,88,1.7,4,2.1,1.95,4.889253
NOR,2011,30.3,55,14.3,3.2,10.4,2.4,12,7.1,4.6,87,1.7,3.7,2.1,1.88,4.953089
NOR,2012,30.3,54.9,14.3,3,10.7,2.6,12,6.04,4.8,87,1.9,3.8,2,1.85,5.018574
NOR,2013,30.5,55.2,12.9,3.6,10.9,2.4,12,5.65,4.7,87,1.7,3.8,2,1.78,5.080171
NOR,2014,30.6,55.5,13.6,3.5,10.7,2.5,14,5.02,4.6,87,1.9,3.6,1.9,1.76,5.137427
NOR,2015,30.7,55.9,12.5,2.8,10.2,2.2,10,4.58,4.5,91,1.5,3.5,1.9,1.73,5.189898
NOR,2016,30.8,56.2,11.8,3.4,10.9,2.2,10,3.88,4.5,91,1.5,2.9,1.9,1.71,5.236152
NOR,2017,31,55.7,11.4,3,10.1,2.2,10,2.99,4.4,91,1.6,3.2,2,1.62,5.276965
NOR,2018,31.1,56.4,12.9,2.5,10.3,2.3,10,2.54,4.3,91,1.6,4.3,1.9,1.56,5.311916
NOR,2019,31.3,57.6,12.2,3.5,8.7,NA,15,2.26,4,86,NA,4.3,1.9,1.53,5.347893
NOR,2020,31.4,58.5,11.1,3,10,NA,15,1.64,3.3,86,NA,3.9,1.8,1.48,5.379472
DNK,1990,28.5,46.4,19.12,NA,NA,7.5,2,9.16,6.1,28,4.6,9.5,2.7,1.67,5.140939
DNK,1991,28.6,46.5,17.87,NA,NA,7.3,2,9.07,6,28,4.2,9,2.5,1.68,5.154298
DNK,1992,28.8,46.4,18.09,NA,NA,6.6,28,9.83,6.2,54,4.1,8.1,2.5,1.76,5.17137
DNK,1993,28.9,46.8,16.65,NA,NA,5.4,28,9.19,6.1,54,3.5,7.2,2.5,1.75,5.189377
DNK,1994,29.1,46.9,19.42,NA,NA,5.5,15,9.3,6.8,54,4,10.5,2.6,1.81,5.204994
DNK,1995,29.2,46.5,22.9,NA,NA,5.1,15,8.81,6.6,54,3.7,13.7,2.5,1.81,5.227861
DNK,1996,29.3,46.3,22.8,NA,NA,5.6,15,8.24,6.8,54,3.9,13.1,2.4,1.75,5.261503
DNK,1997,29.4,45.1,22.2,1.4,6.5,5.2,15,8.78,6.5,54,4,11.9,2.4,1.76,5.28422
DNK,1998,29.5,44.8,20.5,1.8,7,4.7,17,8.11,6.5,54,3.3,9.9,2.5,1.73,5.301304
DNK,1999,29.6,44.9,21.6,3.4,7.6,4.2,17,8.03,6.7,54,3.1,9.6,2.5,1.74,5.319111
DNK,2000,29.7,44.6,20,2.7,6.6,5.3,17,7.89,7.2,54,4,9.2,2.7,1.77,5.337344
DNK,2001,29.7,44.6,19.3,3.8,6.6,4.9,17,7.59,6.8,54,3.5,8.4,2.7,1.75,5.355082
DNK,2002,29.9,44.6,17.8,2.4,7.3,4.4,2,6.52,6.9,50,3.4,8.3,2.8,1.72,5.374255
DNK,2003,30.1,44.9,17.7,2.5,11.8,4.4,2,6,6.5,50,3.2,9.1,2.9,1.76,5.387174
DNK,2004,30.2,45.4,19.1,2.1,11.3,4.4,2,5.63,7,50,3.4,8.2,2.9,1.79,5.401177
DNK,2005,30.2,45.7,19.3,4.3,8.3,4.4,2,5.58,6.7,50,3.3,8,2.8,1.8,5.415978
DNK,2006,30.3,46.4,19.7,4.4,5.9,3.5,2,5.95,6.7,50,3.2,8.2,2.6,1.85,5.434567
DNK,2007,30.4,46.1,15.2,4.1,8,4,2,5.66,6.7,50,3,7.7,2.6,1.84,5.457415
DNK,2008,30.4,46.2,14.8,4,9.5,4,2,6.03,6.8,50,3.1,7.9,2.7,1.89,5.489022
DNK,2009,30.5,46.8,10.5,4.2,12.1,3.1,2,5.46,6,50,2.3,5.3,2.7,1.84,5.519441
DNK,2010,30.6,47.3,11,6.5,14,3.4,2,5,5.6,50,2.6,4.7,2.6,1.87,5.543819
DNK,2011,30.7,49,12.7,6.1,14.5,3.5,2,4.56,4.9,50,2.8,5.6,2.6,1.75,5.566856
DNK,2012,30.7,50.6,12.2,6.3,16.6,3.4,2,4.41,5.1,50,2.9,5.1,2.8,1.73,5.587085
DNK,2013,30.8,51.5,11.9,6.3,15.1,3.5,2,4.24,4.9,50,2.7,4.9,3.4,1.67,5.608784
DNK,2014,30.9,52.5,12.6,4.5,16.1,4,2,3.64,5,50,3.1,6.1,3.4,1.69,5.639719
DNK,2015,31,53.8,14.1,4.4,13.7,3.7,2,3.4,5.1,50,3,6.5,2.9,1.71,5.678348
DNK,2016,31,54,13.8,3,11.7,3.1,2,3.53,5.4,50,2.6,5.7,3,1.79,5.724456
DNK,2017,31.1,54.2,13.4,4.6,15.6,3.8,2,2.78,5.5,50,3.1,5.5,2.6,1.75,5.760694
DNK,2018,31.2,54.2,13.6,4,13.5,3.7,2,2.43,5.6,50,2.8,5.7,2.6,1.73,5.789957
DNK,2019,31.3,54.1,13.7,4.4,12.7,NA,2,2.02,5.3,50,NA,5.9,1.8,1.7,5.814461
DNK,2020,31.4,54.2,12.8,NA,NA,NA,2,1.64,4.9,50,NA,6,2.7,1.67,5.825337
EST,1990,25.6,27.2,NA,NA,NA,12.3,NA,54.93,7.5,NA,8,13,3.7,2.05,1.569174
EST,1991,25.3,31.2,NA,NA,NA,13.3,NA,53.78,6.6,NA,8.6,13.4,3.7,1.8,1.561314
EST,1992,25.3,33.9,NA,NA,NA,15.7,NA,50.4,5.8,NA,11.9,13.9,4.3,1.71,1.533091
EST,1993,25.3,38.2,NA,NA,NA,15.6,NA,44.21,5.2,NA,10.1,13.2,3.9,1.49,1.494128
EST,1994,25.4,41,NA,NA,NA,14.4,NA,40.44,5,NA,9.5,13.3,3.8,1.42,1.462514
EST,1995,25.5,44.2,NA,NA,NA,14.9,NA,37.81,4.9,NA,10.3,11,5.2,1.38,1.436634
EST,1996,25.8,48.1,NA,NA,NA,10.5,NA,35.56,3.9,NA,6.9,9.7,4,1.37,1.415594
EST,1997,26.1,51.6,NA,NA,NA,10,NA,31,4,NA,5.6,10.9,3.8,1.32,1.399535
EST,1998,26.3,52.5,NA,NA,NA,9.4,NA,27.44,3.9,NA,5.6,9,3.2,1.28,1.386156
EST,1999,26.5,54.2,NA,NA,NA,9.6,NA,26.7,4,NA,6,8.5,3.3,1.3,1.375654
EST,2000,26.9,54.5,10.91,NA,NA,8.4,NA,26.36,3.9,NA,5.8,6.8,3,1.36,1.396985
EST,2001,27.1,56.2,11.4,NA,NA,8.8,NA,24.81,4.1,NA,5,7,3.1,1.32,1.388115
EST,2002,27.4,56.3,10.4,NA,NA,5.7,NA,22.96,4.2,NA,3.6,6.5,3,1.36,1.37935
EST,2003,27.6,57.8,11.8,3.3,18,7,NA,22,4.2,NA,4,6.6,2.9,1.36,1.37072
EST,2004,27.8,58,9.7,7.6,19.5,6.4,NA,22.61,4.4,NA,4.1,4.7,3.1,1.47,1.36255
EST,2005,28.1,58.5,9.7,5.2,16.3,5.4,NA,22.57,4.5,NA,3.3,3.3,3,1.52,1.354775
EST,2006,28.2,58.2,12.5,3.7,15.4,4.4,NA,22.93,5.2,NA,2.7,5.8,2.8,1.58,1.34681
EST,2007,28.4,57.8,12.4,5.7,15.3,5,NA,25.09,5.2,NA,2.9,7.1,2.8,1.69,1.34068
EST,2008,28.7,59,11.7,4.9,10.7,5,NA,23.8,4.6,NA,3.2,7,2.6,1.72,1.33709
EST,2009,28.9,59.2,0.7,8,19.8,3.6,NA,21.04,4,NA,2.2,1.1,2.4,1.7,1.334515
EST,2010,29.2,59.1,2.6,6.1,22.4,3.3,NA,17.5,3.8,NA,1.9,1,2.2,1.72,1.331475
EST,2011,29.5,59.7,11.1,6.4,15.8,2.5,NA,16.21,4.1,NA,1.6,5,2.3,1.61,1.327439
EST,2012,29.6,58.4,11.5,6.8,17.1,3.6,2,15.27,4.5,166,2.2,5.3,2.4,1.56,1.322696
EST,2013,29.5,58.9,10.8,4.6,16.8,2.1,2,16.3,4.3,166,1.2,5.8,2.5,1.52,1.317997
EST,2014,29.6,59.4,10.8,7,16.1,2.7,2,15.58,4.7,166,1.6,6.8,2.4,1.54,1.314545
EST,2015,29.9,55.9,12.5,5.5,15,2.5,2,12.54,5.2,166,1.5,7,2.6,1.58,1.314608
EST,2016,30.2,56.1,11.1,4.2,13.9,2.3,2,10.54,4.8,166,1.4,7.1,2.5,1.6,1.31579
EST,2017,30.4,56.9,13.2,5.8,13.2,2.3,2,10.09,4.9,166,1.4,6.6,2.5,1.59,1.317384
EST,2018,30.5,54.1,11.2,9,12.2,1.6,2,9.57,5,166,0.9,6.7,2.4,1.67,1.321977
EST,2019,30.6,53.7,11.4,3.4,10.8,NA,2,8.52,5,166,NA,6.7,2.1,1.66,1.326855
EST,2020,30.7,NA,8.1,4,13.7,NA,2,7.89,4.6,82,NA,4.4,1.9,1.58,1.329479
GRC,1990,27.2,2.2,41.55,NA,NA,9.7,0,19.66,5.8,15,6.5,35.9,0.6,1.39,10.196801
GRC,1991,27.4,2.4,43.35,NA,NA,9,0,17.73,6.4,15,6.1,37.4,0.6,1.37,10.319928
GRC,1992,27.6,2.6,42.46,NA,NA,8.4,0,16.86,4.7,15,5.7,36.1,0.6,1.36,10.399058
GRC,1993,27.9,2.8,41.69,NA,NA,8.5,0,14.72,5.9,16,6.1,35.3,0.7,1.32,10.460409
GRC,1994,28.1,2.9,41.31,NA,NA,7.9,0,13.79,5.4,16,5.6,35.1,0.7,1.33,10.512924
GRC,1995,28.3,3,44,NA,NA,8.1,0,12.57,6.1,16,5.8,34.2,1,1.28,10.56216
GRC,1996,28.5,3.3,43.9,NA,NA,7.2,0,11.76,4.3,16,5.2,34.1,0.9,1.26,10.608801
GRC,1997,28.7,3.5,42.5,9.6,27.5,6.4,0,11.57,5.6,16,4.9,32.8,0.9,1.27,10.661264
GRC,1998,28.8,3.8,41.4,11.2,29.3,6.7,0,11.16,5.1,16,4.6,31.3,0.7,1.24,10.720507
GRC,2019,31.7,12.4,28.3,6.7,22,NA,0.4,8.41,4.4,43,NA,18.6,NA,1.35,10.721584
GRC,2020,31.7,13.8,25.7,7.7,18.7,NA,0.4,8.52,2.9,43,NA,17.7,NA,1.28,10.698597
SVK,2001,26.8,19.8,13.4,26.4,34.9,6.2,0,21.18,4.4,164,4.1,10.3,1.8,1.2,5.37978
SVK,2002,27,21.6,12.4,15.6,33.9,7.6,0,21.15,4.7,164,4.7,11.1,2,1.19,5.378809
SVK,2003,27.3,23.3,13.2,12.6,29.6,7.9,0,20.53,4.8,164,4.5,11.2,2,1.2,5.37895
SVK,2004,27.4,24.8,14.2,7.9,27.8,6.8,0,20.32,5.2,164,3.9,12.3,2,1.24,5.382574
SVK,2005,27.7,26,17.7,6.3,25.2,7.2,0,20.27,4.9,164,4.1,13.7,2.2,1.25,5.387285
SVK,2006,27.9,27.5,20,6.7,22.8,6.6,0,20.28,4.8,164,3.5,15.1,2.4,1.24,5.391184
SVK,2007,28.1,28.8,20.6,5.4,19.9,6.1,0,20.69,5.1,164,3.4,15.4,2.3,1.25,5.397766
SVK,2008,28.3,30.1,21,5.7,16.6,5.9,0,21.62,5.3,164,3.4,15.4,2.4,1.32,5.406972
SVK,2009,28.5,31.6,16.4,4.5,17.1,5.7,0,21.87,4.9,164,3.1,14.8,2.4,1.41,5.418374
SVK,2010,28.6,33,15.5,4.6,22.1,5.7,0,22.95,4.7,164,3.6,12.9,2.2,1.4,5.431024
SVK,2011,28.9,34,17.1,5.3,21.4,4.9,28,21.95,4.7,170,2.9,13.6,2.1,1.45,5.398384
SVK,2012,28.7,35.4,17.9,5.6,20.2,5.8,28,21.59,4.8,170,3.3,14,2,1.34,5.407579
SVK,2013,28.8,37,17.2,5.4,21,5.5,28,22.05,4.7,170,3.2,13,2,1.34,5.4133925
SVK,2014,28.8,38.9,17.5,5.7,18.6,5.8,28,23.68,4.9,170,3.3,13.3,1.9,1.37,5.418649
SVK,2015,28.8,39.2,18.4,6.3,18.8,5.1,28,24.26,5.3,170,3.3,13.5,1.8,1.4,5.4238005
SVK,2016,28.8,40.2,18.8,6.1,16.8,5.4,28,26.18,5.5,164,2.9,13.1,1.7,1.48,5.4307975
SVK,2017,28.8,40.1,17,6.6,16.5,4.5,28,26.65,5.8,164,2.6,11.7,1.8,1.52,5.4392315
SWE,2021,NA,NA,12.3,NA,NA,NA,14.3,NA,NA,55.7,NA,4.1,NA,1.67,10.415812
SWE,2022,NA,NA,NA,NA,NA,NA,14.3,NA,NA,55.7,NA,NA,NA,NA,NA
BEL,1997,28.6,21,30.2,9,18.3,5.4,0.6,9.96,4.7,15,3.6,20.4,2.6,1.6,10.181246
BEL,1998,28.7,23.2,30.1,10.8,16.9,5.2,13.6,10.07,4.4,28,NA,19.5,2.6,1.6,10.203012
BEL,1999,28.8,25.5,28.7,6.8,17.7,4.9,13.6,10.57,4.3,28,3.1,17.3,2.6,1.62,10.226419
BEL,2000,28.8,28,29.8,6.5,16,4.8,13.6,11.5,4.4,28,2.9,18,2.6,1.67,10.251251
BEL,2001,28.9,30.2,28.1,6.2,13,4.5,13.6,11.83,4.1,28,NA,17.8,2.8,1.67,10.286571
BEL,2002,29,32.5,28,6.8,17.4,4.4,15,10.87,3.9,28,NA,16.9,3,1.65,10.332786
BEL,2003,29.1,34.7,25.9,7.1,17.1,4.1,15,10.73,4,28,2.9,15.5,3,1.67,10.376131
BEL,2004,29.2,36.9,26.4,4.9,16.9,3.9,15,10.65,4.2,28,2.5,15.3,3,1.72,10.421136
BEL,2005,29.3,39.4,26.6,6.2,18.3,3.7,15,10.54,4.1,28,2.6,14.5,2.9,1.76,10.47862
BEL,2006,29.4,40.9,24.8,7.1,16.9,4,15,10.4,4.2,28,NA,13.9,2.8,1.8,10.547956
BEL,2007,29.5,43.2,26.1,5.2,15.5,3.9,15,10.46,4.3,28,2.5,13.4,2.8,1.82,10.624835
BEL,2008,29.6,44.6,23.7,5.5,14.1,3.8,15,10.26,4.3,28,2.6,12.4,3.3,1.85,10.709108
BEL,2009,29.6,45.5,21.8,5.7,16.1,3.5,15,10.28,4,28,2.3,11.2,3,1.84,10.796498
BEL,2010,29.8,45.7,22.4,5.9,18,3.6,15,9.64,3.9,28,2.2,10.9,2.7,1.86,10.895591
BEL,2011,29.8,47,21.6,6.1,17.1,3.4,15,9.43,3.7,28,2.2,10.4,2.5,1.81,10.993609
BEL,2012,30,47.7,21.6,8.3,17.5,3.8,19.3,8.82,3.8,32.3,2.4,10.1,2.3,1.8,11.067748
BEL,2013,30.2,49.5,21.5,6.7,18.7,3.5,19.3,7.29,3.4,32.3,2.2,9.2,2.2,1.76,11.125033
BEL,2014,30.3,49.4,19.7,5.4,18.9,3.4,19.3,7.24,3.6,32.3,2.3,7.9,2.2,1.74,11.179778
BEL,2015,30.4,48,18.5,4.3,15.8,3.3,19.3,6.57,4,32.3,2.2,7.5,2.2,1.7,11.238474
BEL,2016,30.5,49,19.1,4.3,14.3,3.2,19.3,6.18,3.9,32.3,2.2,8.4,2.1,1.68,11.295003
BEL,2017,30.6,52.8,20.8,4,15.2,3.6,19.3,5.9,3.9,32.3,NA,8.8,2,1.65,11.349081
BEL,2018,30.7,52.4,19.5,3.9,14.6,3.8,19.3,5.54,3.9,32.3,NA,7.5,2,1.62,11.40374
BEL,2019,30.8,NA,18.8,4.8,15.4,NA,19.3,5.14,3.9,32.3,NA,7.2,2,1.6,11.462023
BEL,2020,30.8,NA,17.1,4.2,14,NA,19.3,4.92,2.8,32.3,NA,7.4,1.8,1.55,11.506938
SVN,2002,28.8,40.2,12.4,NA,NA,3.8,NA,5.95,3.5,NA,3.1,9.6,1.2,1.21,1.995718
CZE,1990,27.3,8.6,NA,NA,NA,10.8,0,44.7,8.8,162,7.7,NA,3.1,1.89,10.36274
CZE,1991,27.2,9.8,NA,NA,NA,10.4,0,46.69,7,162,7,NA,2.8,1.86,10.308682
CZE,1992,27.3,10.7,NA,NA,NA,9.9,0,44.67,7.2,162,6.2,NA,2.8,1.72,10.317807
CZE,1993,27.3,12.7,NA,NA,NA,8.5,0,42.83,6.4,162,4.8,17.2,2.9,1.67,10.330607
CZE,1994,27,14.5,NA,NA,NA,7.9,0,32.56,5.7,162,4.7,16.5,3,1.44,10.336162
CZE,1995,26.9,15.6,NA,NA,NA,7.7,0,24.91,5.3,162,4.9,16.9,3,1.28,10.330759
CZE,1996,26.8,16.9,NA,NA,NA,6,0,19.99,5.2,162,3.8,17.5,3.2,1.19,10.315353
CZE,1997,26.8,17.8,NA,5,18.2,5.9,0,17.91,5.6,162,3.8,17.5,3.2,1.17,10.303642
CZE,1998,26.6,19,NA,7.2,18.5,5.2,0,16.41,5.3,162,3.2,17.6,3.1,1.16,10.294943
CZE,1999,26.6,20.6,NA,9.7,20.6,4.6,0,15.26,5.2,162,2.9,16.9,2.3,1.13,10.282784
CZE,2000,26.5,21.8,NA,7.9,20.3,4.1,0,13.16,5.4,162,2.5,16.7,2.9,1.14,10.272503
CZE,2018,27.6,48.5,21.9,2.4,8.8,2.6,1,10.75,5.1,63.4,1.6,14.2,2.3,1.71,10.62643
CZE,2019,27.9,48.2,20.4,1.8,8.9,NA,1,9.85,5.1,62.3,NA,13.8,2.3,1.71,10.669324
CZE,2020,28.4,48.5,18.8,2.4,9.6,NA,1,9.18,4.2,74.5,NA,14.3,2,1.71,10.700155
SVN,1990,25.9,24.5,NA,NA,NA,8.4,NA,24.53,4.3,NA,5.1,NA,0.9,1.46,1.99809
SVN,1991,26.1,26.4,NA,NA,NA,8.2,NA,21.07,4.1,NA,5.7,NA,0.9,1.42,2.001768
SVN,1992,26.2,27.7,NA,NA,NA,8.9,NA,19.3,4.6,NA,5.9,NA,1,1.34,1.995832
SVN,1993,26.6,28,NA,NA,NA,6.8,NA,16.1,4.5,NA,4.6,NA,1,1.33,1.990623
SVN,1994,26.8,28.8,NA,NA,NA,6.5,NA,14.26,4.2,NA,4,NA,1,1.32,1.98885
SVN,1995,27.1,29.8,NA,NA,NA,5.5,NA,13.22,4.1,NA,3.1,NA,0.8,1.29,1.987505
SVN,1996,27.3,31.9,NA,NA,NA,4.7,NA,11.02,3.8,NA,3.2,NA,1,1.28,1.991169
SVN,1997,27.5,32.7,NA,NA,NA,5.2,NA,9.17,3.8,NA,3.8,NA,1,1.25,1.986848
SVN,1998,27.8,33.6,NA,NA,NA,5.2,NA,8.51,3.8,NA,3.4,NA,1,1.23,1.982603
SVN,1999,28,35.4,NA,NA,NA,4.5,NA,7.82,3.9,NA,3.2,NA,1,1.21,1.985557
SVN,2000,28.2,37.1,11.33,NA,NA,4.9,NA,7.54,3.6,NA,3.6,8.8,1.1,1.26,1.990272
SVN,2001,28.5,39.4,13.8,NA,NA,4.2,NA,6.7,3.5,NA,3,9.8,1.1,1.21,1.992035
AUT,1990,27.2,23.6,NA,NA,NA,7.8,0,21.24,5.9,60,4.4,NA,2.1,1.46,7.67785
AUT,1991,27.2,24.8,NA,NA,NA,7.5,0,22.82,5.7,112,4.4,NA,2.1,1.51,7.754891
AUT,1992,27.3,25.2,NA,NA,NA,7.5,0,23.09,5.8,112,4.7,NA,2.1,1.51,7.840709
AUT,1993,27.3,26.3,NA,NA,NA,6.5,0,22.39,5.7,112,3.7,NA,2.1,1.5,7.905632
AUT,1994,27.5,26.8,NA,NA,NA,6.3,0,18.91,5.5,112,3.9,19.1,2.1,1.47,7.936118
AUT,1995,27.7,27.4,27.08,NA,NA,5.4,0,17.38,5.4,112,3.4,19.7,2.3,1.42,7.948278
AUT,1996,27.8,28,26.7,NA,NA,5.1,0,15.57,5.3,112,3.4,19.1,2.3,1.45,7.959016
AUT,1997,27.9,28.8,27.2,NA,NA,4.7,26,14.66,5.2,86,3.2,18.8,2.3,1.39,7.968041
AUT,1998,28,29.5,26.6,NA,NA,4.9,26,14.02,4.9,86,3.2,18.5,2.2,1.37,7.976789
AUT,1999,28.2,30.5,27.8,NA,NA,4.4,26,13.11,4.9,86,2.8,18.1,2.3,1.34,7.992323
AUT,2000,28.2,31.3,27.4,NA,NA,4.8,26,13.74,4.9,86,3.3,17.9,2.4,1.36,8.011566
AUT,2001,28.4,33.1,26.4,NA,NA,4.8,26,13.73,4.3,86,3.3,16.7,2.6,1.33,8.042293
AUT,2002,28.6,33.8,26.1,NA,NA,4.1,26,13.82,4.5,86,2.8,15.2,2.5,1.39,8.082121
AUT,2003,28.8,35.3,25.4,NA,NA,4.5,26,13.16,4.6,86,3.1,14.8,2.3,1.38,8.118245
AUT,2004,28.8,35.9,27.7,7.9,13.9,4.5,26,13.69,4.7,86,3.1,13.6,2.4,1.42,8.169441
AUT,2005,29,36.5,29.2,7,13.1,4.2,26,12.84,4.8,86,2.9,12.6,2.4,1.41,8.225278
AUT,2006,29.2,37.2,29.7,6.6,12.9,3.6,26,11.95,4.5,86,2.5,12.7,2.5,1.41,8.267948
AUT,2007,29.4,38.3,30,5.5,11.8,3.7,26,11.2,4.3,86,2.5,12.8,2.5,1.39,8.295189
AUT,2008,29.5,38.8,28.9,5.7,12,3.7,13,11.25,4.2,73,2.7,12,2.4,1.42,8.321541
AUT,2009,29.7,39.3,26.1,6.6,12,3.8,13,10.39,4.3,73,2.5,10.3,2.3,1.4,8.341483
AUT,2010,29.8,40.1,26.2,5.7,13.4,3.9,8.7,10.19,4.5,60,2.7,10.3,2.1,1.44,8.361069
AUT,2011,30,40.4,26.3,5.8,10.9,3.6,8.7,9.1,4.3,60,2.4,10.1,2.1,1.43,8.388534
AUT,2012,30.2,41.5,25.7,4.8,11.7,3.2,8.7,8.63,4.6,60,2.3,9.5,2,1.44,8.426311
AUT,2013,30.3,41.4,24.2,5.1,12.1,3.1,8.7,8.1,4.3,60,2.3,9.1,1.9,1.44,8.47723
AUT,2014,30.4,41.7,23,7.2,12,3,8.7,7.38,4.4,60,2.3,8.3,1.9,1.46,8.543932
AUT,2015,30.6,42.1,23.3,5.7,11.7,3.1,8.7,7.62,5.1,60,2.3,8,1.9,1.49,8.629519
AUT,2016,30.6,42.2,23.2,5.5,13.2,3.1,8.7,7.22,5.1,60,2.3,7.7,1.8,1.53,8.739806
AUT,2017,30.7,42,23.3,5.1,11.8,2.9,8.7,6.8,5.1,60,2,8,1.8,1.52,8.795073
AUT,2018,30.9,41.3,24.3,5.3,12.5,2.7,8.7,5.48,5.3,60,2,8.8,1.8,1.48,8.837707
LUX,2019,32.3,40.4,17.1,NA,NA,NA,28,3.98,3.5,46,NA,8.5,3.1,1.34,0.620003
LUX,2020,32.3,41.6,13.8,NA,NA,NA,28,3.94,2.9,46,NA,6.5,2.3,1.37,0.630413
LUX,2021,NA,NA,17.8,NA,NA,NA,28,NA,NA,46,NA,6.6,NA,NA,0.640064
ESP,1999,30.7,16.3,40.9,12.4,17.9,4.5,0.4,8.37,5.2,16,2.8,31.7,0.9,1.19,40.369667
ESP,2000,30.7,17.7,40.7,8.7,15.2,4.4,0.4,8.81,5.4,16,2.8,30.7,0.9,1.23,40.554387
ESP,2001,30.8,19.7,38.8,7.6,14.6,4,0.4,9.64,5.1,16,2.7,30,1,1.24,40.766049
ESP,2002,30.8,21.7,36.9,7.9,15.7,4.1,0.4,9.86,5.1,16,2.7,28,1,1.25,41.42352
ESP,2003,30.8,23.4,35.3,8.6,15,3.9,0.4,10.56,5,16,2.5,26.7,1.1,1.3,42.196231
ESP,2004,30.9,25.1,34.3,8.3,15.4,3.9,0.4,10.74,5,16,2.6,25.2,1.2,1.31,42.859172
ESP,2005,30.9,26.5,35,11.6,19.1,3.7,0.4,11.35,4.7,16,2.4,23.8,1.7,1.33,43.662613
ESP,2006,30.9,28.4,34.2,10.9,16.5,3.5,0.4,12,4.5,16,2.3,22.7,2.9,1.36,44.360521
ESP,2007,30.8,30.2,32.3,11.7,16.9,3.4,2.1,12.83,4.4,16,2.3,21.3,2.8,1.38,45.236004
ESP,2008,30.8,33.2,27.7,11.2,19,3.3,2.1,13.28,4.2,16,2.1,18.2,2.4,1.45,45.983169
ESP,2009,31,34.5,20,14.2,25.9,3.2,2.1,11.83,3.7,16,2.1,13.5,2.1,1.38,46.36755
ESP,2010,31.2,35.5,20,13.5,27,3.2,2.1,10.61,3.6,16,2.1,12.2,2.2,1.37,46.562483
ESP,2011,31.4,37.4,18.7,12.5,28.9,3.1,2.1,9.5,3.4,16,2.1,10.9,2.2,1.34,46.736257
ESP,2012,31.6,39,15.5,11.8,30.6,3.1,2.1,8.99,3.5,16,2.1,9.3,2.2,1.32,46.766403
ESP,2013,31.7,40.9,15.9,11.2,32.4,2.7,2.1,8.38,3.3,16,1.9,9.1,2,1.27,46.593236
ESP,2014,31.8,42.5,18.4,9.7,29,2.8,2.1,8.08,3.4,16,2.1,9.6,2.2,1.32,46.455123
ESP,2015,31.9,44.5,19.8,9.1,27.2,2.7,2.1,7.72,3.6,16,1.8,10.6,2.1,1.33,46.410149
ESP,2016,32,45.9,20,8.7,25.5,2.7,2.1,7.34,3.7,16,1.9,10.7,2.1,1.34,46.449874
ESP,2017,32.1,46.8,20.1,8.3,23.2,2.7,4.3,7.03,3.7,16,1.9,11.1,2.1,1.31,46.532869
ESP,2018,32.2,47.3,20.4,8.7,22,2.7,4.3,6.22,3.5,16,1.9,11.2,2,1.26,46.728814
CHE,2019,32.1,26.5,27.3,4.3,8.1,NA,2,1.97,4.5,14,NA,8.2,2,1.48,8.57528
CHE,2020,32.2,27.7,26.2,5.3,8.4,NA,2,1.65,4.1,14,NA,8,1.9,1.46,8.638169
FRA,2020,30.8,62.2,13.8,6.6,19,NA,28,6.95,2.2,42,NA,6.3,NA,1.79,67.540257
HUN,1990,25.6,13.1,NA,NA,NA,14.8,0,39.54,6.4,162,10.8,NA,2.4,1.84,10.373987
HUN,1991,25.7,14.1,NA,NA,NA,15.6,0,38.21,5.9,162,11.4,NA,2.4,1.86,10.373398
HUN,1992,25.8,15.6,NA,NA,NA,14.1,0,35.82,5.5,160,10.2,11.7,2.1,1.77,10.369339
HUN,1993,26,17.6,NA,NA,NA,12.5,0,34.27,5.2,160,8.6,10.7,2.2,1.69,10.357518
HUN,1994,26.2,19.4,NA,NA,NA,11.5,0,33.82,5.2,160,7.9,11.8,2.3,1.64,10.343359
HUN,1995,26.3,20.7,17.9,NA,NA,10.7,0,31.42,5.2,160,7.3,14.3,2.4,1.57,10.328967
HUN,1996,26.5,22.6,18.4,NA,NA,10.9,0,29.34,4.7,160,7.3,14.7,2.2,1.46,10.311235
HUN,1997,26.6,25,18.6,8.9,29.2,9.9,0,27.29,4.6,160,7,14.8,2.4,1.38,10.290475
HUN,1998,26.8,26.6,18.4,11.8,27.6,9.7,0,25.55,4.4,160,6.3,13,2.5,1.33,10.266571
HUN,1999,27,28,18.9,11.6,23.6,8.4,0,23.18,4.4,160,5.6,13.3,2.5,1.29,10.237527
CHE,2021,NA,NA,27.6,NA,NA,NA,2,NA,NA,14,NA,7.7,NA,1.51,8.704542
FRA,1995,NA,NA,24.2,NA,NA,4.9,0,NA,4.4,16,3,14.5,2.1,1.71,59.383991
FRA,1996,NA,NA,23.6,NA,NA,5,0,NA,4.8,16,3,14.3,2,1.73,59.589289
FRA,1997,NA,NA,22.8,6.8,22.1,4.9,0,NA,4.9,16,3.8,14.1,2,1.73,59.795263
FRA,1998,29.3,41.7,23.5,6.2,20.5,4.8,0,10.49,4.6,16,3.1,13.6,2,1.76,60.011008
FRA,1999,29.3,42.7,23.1,7.3,21.2,4.4,0,11.31,4.9,16,2.8,13.3,2,1.79,60.315406
FRA,2000,29.3,43.6,22.7,7,17.6,4.5,0,12.28,5,16,2.9,13.3,1.9,1.87,60.72478
NLD,1990,29.3,11.4,38.83,NA,NA,7.1,0,8.29,6.5,16,4.8,28.2,1.9,1.62,14.95151
NLD,1991,29.5,12,37.43,NA,NA,6.5,0,8.25,6.4,16,4.6,26.7,1.9,1.61,15.069799
NLD,1992,29.7,12.4,37.95,NA,NA,6.3,0,7.67,6.2,16,4.4,25.3,2,1.59,15.184163
NLD,1993,29.8,13.1,36.82,NA,NA,6.3,0,7.2,5.8,16,4.5,23.2,2,1.57,15.290368
NLD,1994,29.9,14.3,36.45,NA,NA,5.6,0,6.88,5.4,16,4,22.3,2.4,1.57,15.382834
NLD,1995,30,15.5,39.1,NA,NA,5.5,0,5.85,5.3,16,3.8,22.1,2.2,1.53,15.459004
NLD,1996,30.2,17,39.2,NA,NA,5.7,0,5.56,5.5,16,4.2,21.9,2.2,1.53,15.5305
NLD,1997,30.2,19.2,39.5,2.8,7.1,5,0,6.04,5.4,16,3.7,20.7,2.2,1.56,15.61065
NLD,1998,30.3,20.8,37.9,2.7,7.5,5.2,0,6.27,5.5,16,3.8,20.5,2.1,1.63,15.707205
NLD,1999,30.3,22.7,38.1,3,6.7,5.2,0,6.74,5.7,16,4,19.2,2.1,1.65,15.812085
NLD,2019,31.6,52.4,25.8,3.5,7.4,NA,1,2.45,3.7,16,NA,8.1,1.7,1.57,17.344876
NLD,2020,31.7,53.5,23.5,3.9,8.2,NA,1,2.35,2.9,16,NA,7.7,1.7,1.55,17.4415
AUT,2019,31,40.6,24.3,6.6,10.9,NA,8.7,5.21,5.2,60,NA,8.8,1.8,1.46,8.877637
AUT,2020,31,41.2,21.9,5.7,13.8,NA,13,5.02,4.4,60,NA,8.2,1.7,1.44,8.916845
ESP,1990,28.9,9.6,44.79,NA,NA,7.6,0.4,11.78,5.7,16,5,40.1,0.6,1.36,38.860827
ESP,1991,29,10,43.15,NA,NA,7.2,0.4,10.83,5.6,16,4.6,38.8,0.7,1.33,38.941622
ESP,1992,29.3,10.5,40.61,NA,NA,7.1,0.4,9.88,5.6,16,4.6,36,0.7,1.32,39.14794
ESP,1993,29.5,10.8,37.42,NA,NA,6.7,0.4,8.97,5.1,16,4.1,32.9,0.7,1.27,39.356082
ESP,1994,29.7,10.8,36.31,NA,NA,6,0.4,8.07,5.1,16,3.9,31.8,0.8,1.2,39.547353
ESP,1995,30,11.1,37.9,NA,NA,5.5,0.4,7.51,5.1,16,3.5,31.5,0.8,1.17,39.718895
ESP,1996,30.2,11.7,37.7,NA,NA,5.5,0.4,7.24,4.9,16,3.5,30.9,0.8,1.16,39.884246
ESP,1997,30.4,13.1,38.4,14.2,22.4,5,0.4,7.59,5,16,3.2,30.9,0.9,1.18,40.049974
ESP,1998,30.6,14.5,39.7,12.8,20.3,4.9,0.4,7.67,5.2,16,3,31.8,0.9,1.16,40.214066
ESP,2019,32.3,48.4,19.5,7.8,21.9,NA,8,5.96,3.5,16,NA,11.1,1.9,1.24,47.105358
ESP,2020,32.3,47.6,16,8.1,21.7,NA,12,5.33,1.9,16,NA,10.7,1.6,1.36,47.355685
ESP,2021,NA,NA,18.9,NA,NA,NA,16,NA,NA,16,NA,9.8,NA,NA,47.331545
ESP,2022,NA,NA,NA,NA,NA,NA,16,NA,NA,16,NA,NA,NA,NA,NA
ISL,2001,29.1,63,38.7,NA,NA,2.7,4.3,19.61,5.2,26,1.7,6.9,1.9,1.95,0.28497
FIN,2021,NA,NA,7.8,NA,NA,NA,9,NA,NA,161,NA,2.1,NA,NA,5.54102
FIN,2022,NA,NA,NA,NA,NA,NA,9,NA,NA,161,NA,NA,NA,NA,NA
LTU,1990,25.9,7,NA,NA,NA,10.2,NA,41.18,9.8,NA,6.5,NA,3.4,2.03,3.697838
LTU,1991,25.7,7,NA,NA,NA,14.4,NA,47.02,9.2,NA,10.3,NA,4.1,2.01,3.704134
LTU,1992,25.6,7.9,NA,NA,NA,16.3,NA,48.89,8.1,NA,11.6,NA,3.8,1.97,3.700114
LTU,1993,25.7,9.1,NA,NA,NA,15.7,NA,43.38,6.4,NA,10.3,NA,3.8,1.74,3.682613
LTU,1994,25.5,10.9,NA,NA,NA,14.2,NA,41.67,6.4,NA,9,NA,3,1.57,3.657144
LTU,1995,25.6,12.8,NA,NA,NA,12.5,NA,40.76,6.1,NA,8,NA,2.8,1.55,3.629102
LTU,1996,25.8,14.3,NA,NA,NA,10.1,NA,37.78,5.7,NA,5.9,NA,3.1,1.49,3.601613
LTU,1997,26,16.5,NA,NA,NA,10.3,NA,33.5,5.3,NA,6,NA,3.2,1.47,3.575137
LTU,1998,26.3,18,0.05,NA,NA,9.3,NA,30.02,5.2,NA,4.9,NA,3.3,1.46,3.549331
LTU,1999,26.5,19.8,0.05,NA,NA,8.7,NA,26.46,5.1,NA,4.7,NA,3.2,1.46,3.524237
LTU,2000,26.6,22.6,4.89,NA,NA,8.6,NA,24.7,4.8,NA,4.8,2.6,3.1,1.39,3.499534
LTU,2001,26.8,25.4,3.7,NA,NA,8,NA,21.15,4.5,NA,4.2,2.8,3.2,1.29,3.470817
LTU,2020,30.4,27,1.7,2.3,17.4,NA,4,8.16,5.5,62,NA,1.2,2.7,1.69,2.79489
FRA,1990,NA,NA,26.75,NA,NA,7.3,0,NA,NA,16,3.6,18.6,NA,1.78,56.708826
FRA,1991,NA,NA,25.99,NA,NA,7.3,0,NA,NA,16,3.5,17.8,NA,1.77,58.425681
FRA,1992,NA,NA,25.46,NA,NA,6.8,0,NA,NA,16,3.3,17,NA,1.73,58.711615
FRA,1993,NA,NA,23.99,NA,NA,6.5,0,NA,NA,16,3.1,15.4,NA,1.66,58.961049
FRA,1994,NA,NA,23.26,NA,NA,5.9,0,NA,4.4,16,3.3,14.8,NA,1.66,59.175335
BEL,1990,27.9,11.6,33.44,NA,NA,8,0.6,11.51,6.5,14,4.2,27.3,2,1.62,9.967378
BEL,1991,28,12.6,32.29,NA,NA,8.3,0.6,11.88,6.1,15,4.3,25.7,2.1,1.66,10.004486
BEL,1992,28.1,13.6,31.01,NA,NA,8.2,0.6,11.73,5.8,15,4.2,23.8,2.2,1.65,10.045165
BEL,1993,28.2,14.5,29.23,NA,NA,8,0.6,11.02,5.4,15,NA,22.1,2.1,1.61,10.084479
BEL,1994,28.3,15.8,28.86,NA,NA,7.6,0.6,10.19,5.1,15,NA,21.7,2.2,1.56,10.115601
BEL,1995,28.5,17.3,30.6,NA,NA,6,0.6,9.82,5.1,15,NA,21.5,3.5,1.56,10.136814
BEL,1996,28.5,19.1,29.4,NA,NA,5,0.6,10.08,5,15,NA,21.2,2.8,1.59,10.156641
BEL,2021,NA,NA,16.3,NA,NA,NA,20.3,NA,NA,32.3,NA,6.9,NA,NA,11.552615
BEL,2022,NA,NA,NA,NA,NA,NA,20.3,NA,NA,32.3,NA,NA,NA,NA,NA
FRA,2021,NA,NA,14.5,NA,NA,NA,28,NA,NA,42,NA,5.6,NA,1.8,67.719897
SVK,1990,25.1,7.6,NA,NA,NA,12,0,45.26,7.6,162,8.4,NA,1.7,2.09,5.297774
SVK,1991,25,8.9,NA,NA,NA,13.2,0,49.92,6.2,162,8.9,NA,1.5,2.05,5.283404
SVK,1992,25.1,9.8,NA,NA,NA,12.6,0,47.22,6.4,162,8.3,NA,1.5,1.99,5.306539
SVK,1993,25.3,10.6,NA,NA,NA,10.6,0,45.51,5.8,164,7.5,NA,1.5,1.93,5.324632
SVK,1994,25.4,11.7,18.79,NA,NA,11.2,0,38.13,5.3,164,7.4,14.6,1.6,1.67,5.347413
SVK,1995,25.6,12.6,20.2,NA,NA,11,0,32.27,5.1,164,7.9,14.6,1.7,1.52,5.363676
SVK,1996,25.8,14,21.1,NA,NA,10.2,0,30.32,5.1,164,NA,14.6,1.7,1.47,5.373793
SVK,1997,26,15.1,18.9,16.7,25.5,8.7,0,28.42,5.2,164,NA,14.4,1.7,1.43,5.383233
SVK,1998,26.2,15.3,18.4,18.3,26.3,8.8,0,26.67,5.1,164,NA,14.3,1.7,1.37,5.390866
SVK,1999,26.4,16.9,14.6,20.4,31.4,8.3,0,25.44,5.1,164,5.1,12.2,1.8,1.33,5.395324
SVK,2000,26.6,18.3,13.4,26.3,33.1,8.6,0,23.8,4.8,164,5.1,10.7,1.7,1.29,5.400679
SVK,2018,28.8,40,17.5,6.7,14.7,5,28,26.33,5.7,164,3,12.7,1.8,1.54,5.4467705
SVK,2019,28.8,40.1,17.2,5.5,11.8,5.1,28,26.88,5.4,164,3.2,12,1.7,1.56,5.454147
SVK,2020,28.9,40.7,14.3,5.7,13.8,NA,28,25.83,4.4,164,NA,11.6,1.5,1.53,5.458827
ITA,2020,32.2,33.8,25.7,10.9,27.1,NA,1.4,3.27,1.6,47.7,NA,18.2,1.1,1.24,59.438845
ISL,1991,28,56.4,NA,NA,NA,5.5,0,34.73,4.8,26,2.9,10.7,2.1,2.19,0.257795
ISL,1992,28.5,57.3,NA,NA,NA,4.8,0,26.95,4.8,26,3.7,10.3,2,2.21,0.261053
ISL,1993,28.6,58.3,NA,NA,NA,4.8,0,23.21,4.6,26,2.8,8.3,2,2.22,0.26373
ISL,1994,28.6,59.6,NA,NA,NA,3.4,0,23.28,4.9,26,1.1,7.8,1.8,2.14,0.266021
ISL,1995,28.7,60.9,NA,NA,NA,6.1,0,23.05,4.6,26,4.4,7.2,1.8,2.08,0.267467
ISL,1996,28.8,60.7,NA,NA,NA,3.7,0,21.51,5,26,3,7.8,2,2.12,0.268918
ISL,1997,28.6,65.2,NA,NA,NA,5.5,0,24,5.5,26,3.1,8.6,1.9,2.04,0.27113
ISL,1998,28.7,64,NA,NA,NA,2.6,2,24.71,5.6,26,2.2,7.7,1.8,2.05,0.274049
ISL,1999,28.7,62.4,NA,NA,NA,2.4,2,24.36,5.6,26,1.5,8,1.7,1.99,0.277384
ISL,2000,28.9,65.2,39.18,NA,NA,3,2,22.87,6.3,26,2.5,7.2,1.9,2.08,0.2812
ISL,2002,29.3,62.3,32.6,NA,NA,2.2,8.7,18.48,5.6,26,1.2,5.9,1.8,1.93,0.287516
ISL,2021,NA,NA,20.8,NA,NA,NA,20,NA,NA,32,NA,5.7,NA,NA,0.372523
NOR,1990,28.1,38.6,NA,NA,NA,6.9,0,17.1,5.2,28,4.1,11.4,2.4,1.93,4.241476
NOR,1991,28.3,40.9,NA,NA,NA,6,0,16.73,4.7,28,3.7,10.1,2.4,1.92,4.261738
NOR,1992,28.4,42.9,NA,NA,NA,5.8,0,15.97,4.5,35,3.9,9.7,2.4,1.89,4.286397
NOR,1993,28.6,44.4,NA,NA,NA,5.3,4,14.94,4.5,38,3.6,9.2,2.5,1.86,4.311984
NOR,1994,28.7,45.9,NA,NA,NA,5.3,4,14.44,4.8,38,3.7,9.3,2.5,1.87,4.336614
NOR,1995,28.8,47.6,NA,NA,NA,4.2,4,13.53,5,38,2.8,9.3,2.4,1.87,4.359187
NOR,1996,28.9,48.3,23.32,NA,NA,4.1,4,13.55,5.3,38,2.6,9.6,2.3,1.89,4.381339
ISL,1990,27.6,55.2,NA,NA,NA,5.9,0,37.67,4.5,26,4,NA,1.9,2.31,0.25482
ITA,1994,29.6,7.8,NA,NA,NA,6.4,0,7.26,5.1,47.7,NA,32.4,0.5,1.22,56.8434
POL,1992,26.4,7.2,NA,NA,NA,17.5,0,29.34,5.7,16,13.2,13.8,0.8,1.85,38.1735
POL,1993,26.6,8.2,NA,NA,NA,16.2,0,27.18,5.4,16,12.4,13.8,0.7,1.77,38.221
POL,1994,26.8,9,NA,NA,NA,15.1,0,25.43,5.4,16,11.3,13,0.8,1.72,38.252
POL,1995,26.9,9.5,NA,NA,NA,13.6,0,22.01,5.4,16,10.1,12.9,1,1.55,38.2745
POL,1996,27,10.2,NA,NA,NA,12.2,0,21.08,5.3,16,8.9,13.4,1,1.53,38.289
POL,2021,NA,NA,20.3,NA,NA,NA,2,NA,NA,52,NA,13,NA,NA,38.162224
ITA,2021,NA,NA,27,NA,NA,NA,2,NA,NA,47.7,NA,17.7,NA,NA,59.109666
ITA,2022,NA,NA,NA,NA,NA,NA,2,NA,NA,47.7,NA,NA,NA,NA,NA
NOR,2021,NA,NA,13.7,NA,NA,NA,15,NA,NA,86,NA,3.9,NA,NA,5.40832
DNK,2021,NA,NA,16,NA,NA,NA,2,NA,NA,50,NA,5.8,NA,NA,5.850189
POL,1990,26.2,6.2,NA,NA,NA,19.4,0,31.6,6.7,16,15,NA,1.1,1.99,38.0305
POL,1991,26.3,6.6,NA,NA,NA,18.2,0,32.24,6.1,16,13.9,NA,0.9,1.98,38.1085
SVN,2021,NA,NA,9.9,NA,NA,NA,4.3,NA,NA,52.1,NA,6.4,NA,NA,2.107007
GBR,2021,NA,51.3,NA,NA,NA,NA,2,NA,NA,39,NA,6.5,NA,NA,67.350695
GBR,2022,NA,NA,NA,NA,NA,NA,2,NA,NA,39,NA,NA,NA,NA,NA
IRL,2021,NA,NA,24,NA,NA,NA,7,NA,NA,31,NA,8.6,NA,NA,5.01146
IRL,2022,NA,NA,NA,NA,NA,NA,7,NA,NA,31,NA,NA,NA,NA,NA
HUN,2021,NA,NA,17.5,NA,NA,NA,1,NA,NA,160,NA,9.7,NA,NA,9.709893
HUN,2022,NA,NA,NA,NA,NA,NA,1,NA,NA,160,NA,NA,NA,NA,NA
CZE,2021,NA,NA,18,NA,NA,NA,1,NA,NA,73.8,NA,14.2,NA,NA,10.50085
PRT,2021,NA,NA,13.1,NA,NA,NA,22.3,NA,NA,30.1,NA,5.1,NA,NA,10.297876
PRT,2022,NA,NA,NA,NA,NA,NA,22.3,NA,NA,30.1,NA,NA,NA,NA,NA
SVK,2021,NA,NA,14.6,NA,NA,NA,28,NA,NA,164,NA,7.7,NA,NA,5.441991
LUX,2022,NA,NA,NA,NA,NA,NA,28,NA,NA,46,NA,NA,NA,NA,NA
LTU,2021,NA,NA,3.7,NA,NA,NA,4,NA,NA,62,NA,1,NA,NA,2.795321
AUT,2021,NA,NA,21.5,NA,NA,NA,13,NA,NA,60,NA,8.6,NA,NA,8.95152
AUT,2022,NA,NA,NA,NA,NA,NA,13,NA,NA,60,NA,NA,NA,NA,NA
NOR,2022,NA,NA,NA,NA,NA,NA,15,NA,NA,86,NA,NA,NA,NA,NA
CZE,2022,NA,NA,NA,NA,NA,NA,2,NA,NA,68.6,NA,NA,NA,NA,NA
FRA,2022,NA,NA,NA,NA,NA,NA,31,NA,NA,42,NA,NA,NA,NA,NA
EST,2021,NA,NA,7.9,NA,NA,NA,4.3,NA,NA,82,NA,3.2,NA,NA,1.330932
POL,2022,NA,NA,NA,NA,NA,NA,2,NA,NA,52,NA,NA,NA,NA,NA
SVK,2022,NA,NA,NA,NA,NA,NA,28,NA,NA,164,NA,NA,NA,NA,NA
DNK,2022,NA,NA,NA,NA,NA,NA,2,NA,NA,50,NA,NA,NA,NA,NA
GRC,2021,NA,NA,25.9,NA,NA,NA,0.4,NA,NA,43,NA,18.2,NA,NA,10.656962
GRC,2022,NA,NA,NA,NA,NA,NA,11.5,NA,NA,51.7,NA,NA,NA,NA,NA
ISL,2022,NA,NA,NA,NA,NA,NA,20,NA,NA,32,NA,NA,NA,NA,NA
NLD,2021,NA,NA,27.3,NA,NA,NA,6,NA,NA,16,NA,7,NA,NA,17.533406
NLD,2022,NA,NA,NA,NA,NA,NA,6,NA,NA,16,NA,NA,NA,NA,NA
CHE,2022,NA,NA,NA,NA,NA,NA,2,NA,NA,14,NA,NA,NA,NA,NA
LVA,2021,NA,NA,3.9,NA,NA,NA,1.4,NA,NA,94,NA,3.9,NA,NA,1.884488
EST,2022,NA,NA,NA,NA,NA,NA,4.3,NA,NA,82.1,NA,NA,NA,NA,NA
SVN,2022,NA,NA,NA,NA,NA,NA,4.3,NA,NA,52.1,NA,NA,NA,NA,NA
LVA,2022,NA,NA,NA,NA,NA,NA,1.4,NA,NA,94,NA,NA,NA,NA,NA
LTU,2022,NA,NA,NA,NA,NA,NA,4,NA,NA,62,NA,NA,NA,NA,NA
